bigram,frequency
уважаемые коллеги,18
российской федерации,9
считаю необходимым,7
прошу правительство,7
прежде всего,7
наших граждан,6
связи предлагаю,6
государственной думы,5
председателя правительства,5
прожиточного минимума,5
нужно сделать,4
имею виду,4
тысяч рублей,4
субъектах федерации,4
федерального бюджета,4
января года,4
нужно создать,4
нашей страны,4
федеральному собранию,4
рождении второго,3
большую ответственность,3
взять большую,3
должны стать,3
будут получать,3
году нужно,3
обращаю внимание,3
декабря года,3
это подчеркнуть,3
социального контракта,3
хочу это,3
материнский капитал,3
закрепить конституции,3
второго ребенка,3
основной закон,3
территории страны,3
граждан страны,3
середине наступающего,3
двумя детьми,3
совета федерации,3
великой отечественной,3
хочу подчеркнуть,3
президента российской,3
субъектов федерации,3
всей территории,3
это значит,3
наступающего десятилетия,3
время великой,2
федеральных министров,2
советом федерации,2
консультаций советом,2
снижение бедности,2
итогам консультаций,2
это все,2
эта система,2
будем выплачивать,2
каждом регионе,2
конституции российской,2
тех находится,2
должны сделать,2
страны мало,2
прошлого года,2
отечественной войны,2
эта мера,2
ветвями власти,2
роль значение,2
семьи двумя,2
трех семи,2
лет включительно,2
семи лет,2
конституционного суда,2
низкими доходами,2
главы субъектов,2
доходами это,2
текущего года,2
семьи чьи,2
чьи доходы,2
доходы превышают,2
аплодисменты это,2
сих пор,2
ежемесячные выплаты,2
поправок конституции,2
ребенка месяц,2
хочу сказать,2
среднем это,2
кроме того,2
конца года,2
выйти работу,2
помочь регионам,2
нужно идти,2
поддержки семьи,2
предлагаю предусмотреть,2
детей возрасте,2
возрасте трех,2
это очень,2
ваше внимание,2
молодых людей,2
формирование правительства,2
больше году,2
однако повторю,2
каждой стране,2
национальные проекты,2
прошлом году,2
общественных объединений,2
приоритетном порядке,2
бюджетных мест,2
зале это,2
менее пяти,2
связи считаю,2
миллиардов рублей,2
развития россии,2
полном объеме,2
должны получить,2
году должны,2
первичном звене,2
должны создать,2
коллеги хочу,2
коем случае,2
нужно запустить,2
налоговые условия,2
банка россии,2
каждого человека,2
поправки которые,2
национальную экономику,2
последние годы,2
изменить порядок,2
оплаты труда,2
реального сектора,2
сектора экономики,2
вредных выбросов,2
целевое обучение,2
нам предстоит,2
дальнейшего развития,2
речь идет,2
материнского капитала,2
полной мере,2
нашего общества,2
должность президента,2
этом конечно,2
горячим питанием,2
вместе тем,2
других сферах,2
таким образом,2
которыми сталкивается,2
семья получит,2
материнскому капиталу,2
связи хотел,2
число рождений,2
государственной думе,2
решение рождении,2
ответственность формирование,2
чрезвычайно важно,2
меры поддержки,2
бесплатное горячее,2
конституции россии,2
российского общества,2
права граждан,2
семья это,2
очень важно,2
дали результат,2
поддержки семей,2
это означает,2
федерального регионального,2
должны обеспечены,2
территории россии,2
сентября года,2
советского союза,2
и безусловно,2
страны именно,2
коэффициент рождаемости,2
достойной жизни,2
нам нужно,2
нам удалось,2
федерации депутаты,2
всей стране,2
десять лет,2
того сколько,2
пять десять,2
зависит того,2
работы правительства,2
члены совета,2
развития страны,2
послание президента,2
уровней власти,2
нашем обществе,2
которых требует,2
депутаты государственной,2
наша память,1
подвиг наша,1
дань огромного,1
развитию достижению,1
чтим подвиг,1
огромного уважения,1
победителей чтим,1
уважения героическому,1
память дань,1
нашему будущему,1
героическому прошлому,1
прошлому служит,1
нашим детям,1
скажем нашим,1
иначе скажем,1
победе иначе,1
правду победе,1
защитить правду,1
обязаны защитить,1
единство обязаны,1
наше единство,1
укрепляет наше,1
нас укрепляет,1
вдохновляет нас,1
будущему вдохновляет,1
гордимся поколением,1
служит нашему,1
поколением победителей,1
святой праздник,1
достижению самых,1
людей разных,1
уважения старшим,1
взаимопомощи уважения,1
традиций взаимопомощи,1
воплощением традиций,1
возрастов воплощением,1
поколений возрастов,1
разных поколений,1
вообще людей,1
поколениям нашей,1
студентов вообще,1
школьников студентов,1
объединяет школьников,1
которое объединяет,1
движение которое,1
волонтерское движение,1
становится волонтерское,1
старшим поколениям,1
нашей истории,1
праздник гордимся,1
победы великой,1
ложь зараза,1
великий святой,1
самый великий,1
мая самый,1
россии мая,1
войне россии,1
отечественной войне,1
летие победы,1
истории стал,1
отмечать летие,1
будем отмечать,1
году будем,1
победы году,1
волонтеры победы,1
проект волонтеры,1
стал проект,1
детям ложь,1
вранью попыткам,1
зараза расползаться,1
коллеги видим,1
дни региональные,1
последние дни,1
недели последние,1
последние недели,1
буквально последние,1
африке буквально,1
северной африке,1
востоке северной,1
ближнем востоке,1
происходит ближнем,1
мире происходит,1
события мире,1
развиваются события,1
неуправляемо развиваются,1
непредсказуемо неуправляемо,1
региональные конфликты,1
конфликты могут,1
могут стремительно,1
прямой разговор,1
тех острейших,1
миропорядка тех,1
стабильного миропорядка,1
принципах стабильного,1
основных принципах,1
разговор основных,1
серьезный прямой,1
стремительно перерастать,1
убежден серьезный,1
сообщества убежден,1
международного сообщества,1
всего международного,1
угрозы всего,1
перерастать угрозы,1
видим непредсказуемо,1
поколениями уважаемые,1
расползаться всему,1
будущими поколениями,1
полный комплекс,1
самый полный,1
крупнейший самый,1
создан крупнейший,1
россии создан,1
факты россии,1
противопоставить факты,1
должны противопоставить,1
историю должны,1
переиначить историю,1
попыткам переиначить,1
действительно массовым,1
наглому вранью,1
миру наглому,1
всему миру,1
комплекс архивных,1
архивных документов,1
документов кино,1
мира такая,1
ответственность будущими,1
страныпобедительницы ответственность,1
долг страныпобедительницы,1
наш долг,1
работа наш,1
такая работа,1
всего мира,1
кино фотоматериалов,1
граждан всего,1
доступных наших,1
войне доступных,1
мировой войне,1
второй мировой,1
фотоматериалов второй,1
массовым становится,1
задач национального,1
важно действительно,1
швейцарии повседневной,1
франции австрии,1
например франции,1
чем например,1
выше чем,1
россии выше,1
телевидением россии,1
цифровым телевидением,1
охват цифровым,1
мире охват,1
современных мире,1
самых современных,1
одну самых,1
параметрам одну,1
техническим параметрам,1
своим техническим,1
австрии швейцарии,1
повседневной жизненной,1
цифрового телевидения,1
жизненной необходимостью,1
мессенджеры почтовые,1
наш труд,1
сети мессенджеры,1
социальные сети,1
свои социальные,1
мире свои,1
стран мире,1
немногих стран,1
одна немногих,1
россия одна,1
причем россия,1
интернет причем,1
стал интернет,1
людей стал,1
необходимостью людей,1
телевидения своим,1
примера цифрового,1
развития очень,1
ускорить цифровую,1
считаю правильным,1
страны связи,1
самой страны,1
внутри самой,1
инновации внутри,1
спрос инновации,1
расширять спрос,1
безусловно расширять,1
экспорт и,1
высокотехнологичный экспорт,1
поддерживать высокотехнологичный,1
компаниями поддерживать,1
инновационными компаниями,1
успешными инновационными,1
сильными успешными,1
правильным ускорить,1
цифровую трансформацию,1
инфраструктуру примера,1
трансформацию реального,1
крупнейшую инфраструктуру,1
создали крупнейшую,1
производства создали,1
отечественного производства,1
продуктов отечественного,1
программных продуктов,1
основе программных,1
образом основе,1
главным образом,1
осуществлялись главным,1
проекты осуществлялись,1
труд имя,1
требование национальные,1
установить требование,1
экономики установить,1
почтовые поисковые,1
поисковые системы,1
системы другие,1
жизни страны,1
участия людей,1
возможности участия,1
новые возможности,1
это новые,1
конечно это,1
проектов конечно,1
культурных проектов,1
социальных культурных,1
реализации социальных,1
общения реализации,1
творчества общения,1
образования творчества,1
пространство образования,1
широкое пространство,1
создать широкое,1
людей жизни,1
страны значима,1
другие национальные,1
значима каждая,1
национального развития,1
проблемах которыми,1
решение задач,1
вклад решение,1
свой вклад,1
внести свой,1
стремление внести,1
организаций стремление,1
некоммерческих организаций,1
объединений некоммерческих,1
самых смелых,1
граждан общественных,1
инициатива граждан,1
созидательная инициатива,1
каждая созидательная,1
граждан создать,1
россии наших,1
преимуществом россии,1
конкурентным преимуществом,1
социально значимым,1
доступ социально,1
бесплатный доступ,1
обеспечить бесплатный,1
страны обеспечить,1
смелых планов,1
планов наш,1
интернет всей,1
доступный интернет,1
проект доступный,1
реализовать проект,1
подготовить реализовать,1
предлагаю подготовить,1
ресурсы связи,1
национальные ресурсы,1
значимым отечественным,1
отечественным интернетсервисам,1
интернетсервисам повторю,1
интернеттрафик уважаемые,1
стать конкурентным,1
должна стать,1
интернета должна,1
доступность интернета,1
высокая доступность,1
коллеги высокая,1
связи интернеттрафик,1
повторю случае,1
услугу связи,1
саму услугу,1
платить саму,1
придется платить,1
людям придется,1
случае людям,1
острейших проблемах,1
политическую волю,1
сталкивается человечество,1
хотел остановиться,1
зале находится,1
требует дальнейшего,1
потенциал которых,1
власти потенциал,1
ветвей уровней,1
работе ветвей,1
результативной работе,1
напряженной результативной,1
конечно напряженной,1
и конечно,1
граждан и,1
общества наших,1
участии общества,1
активном участии,1
возможно активном,1
развития связи,1
остановиться вопросах,1
россии позволяет,1
вопросах государственного,1
последней годовой,1
числе последней,1
постоянно числе,1
задают постоянно,1
вопросы задают,1
федерации вопросы,1
конституция российской,1
страны конституция,1
закон нашей,1
определяет основной,1
которые определяет,1
политики которые,1
внутренней политики,1
устройства внутренней,1
государственного устройства,1
коллеги возможно,1
цели уважаемые,1
движение цели,1
будущего движение,1
регионов интересах,1
наших регионов,1
росте наших,1
страны верю,1
социальном росте,1
экономическом социальном,1
сосредоточиться экономическом,1
вопросов сосредоточиться,1
внутренних вопросов,1
насущных внутренних,1
самых насущных,1
решения самых,1
гораздо решения,1
сделать гораздо,1
нам сделать,1
интересах людей,1
людей величие,1
величие россии,1
сильной державы,1
нашего будущего,1
основу нашего,1
вижу основу,1
людей вижу,1
благополучия людей,1
державы благополучия,1
гармонии сильной,1
россии неотделимо,1
гражданина гармонии,1
каждого гражданина,1
жизни каждого,1
неотделимо достойной,1
находится граждан,1
граждан нашей,1
годовой прессконференции,1
прессконференции разумеется,1
разумеется согласиться,1
говорили сегодня,1
конституции сразу,1
новой конституции,1
принятии новой,1
вопрос принятии,1
ставят вопрос,1
зале тех,1
объединений ставят,1
политических общественных,1
ряд политических,1
сфере ряд,1
социальной сфере,1
экономике социальной,1
ситуация экономике,1
менее ситуация,1
стабилизировалась менее,1
сразу хочу,1
хочу ответить,1
ответить считаю,1
исчерпан фундаментальные,1
свободы человека,1
права свободы,1
строя права,1
конституционного строя,1
основы конституционного,1
фундаментальные основы,1
далеко исчерпан,1
находится зале,1
года далеко,1
конституции года,1
потенциал конституции,1
нет потенциал,1
необходимости нет,1
считаю необходимости,1
сегодня стабилизировалась,1
которых говорили,1
согласиться теми,1
проблем которых,1
пор кардинально,1
тех пор,1
дел тех,1
положение дел,1
кризиса положение,1
внутриполитического кризиса,1
тяжелого внутриполитического,1
условиях тяжелого,1
назад условиях,1
века назад,1
четверти века,1
принята четверти,1
конституция принята,1
говорит конституция,1
теми говорит,1
кардинально изменилось,1
изменилось слава,1
слава богу,1
кавказе несмотря,1
острых проблем,1
достаточно острых,1
тех зале,1
нерешенных достаточно,1
ряд нерешенных,1
несмотря ряд,1
северном кавказе,1
богу вооруженного,1
терроризма северном,1
международного терроризма,1
очага международного,1
столице очага,1
противостояния столице,1
вооруженного противостояния,1
позволяет нам,1
верю успех,1
человечество безусловно,1
планете которые,1
обеспечению стабильности,1
подходы обеспечению,1
обновленные подходы,1
выработать обновленные,1
войны выработать,1
глобальной войны,1
предпосылок глобальной,1
устранению предпосылок,1
мер устранению,1
начать мер,1
всего начать,1
должны прежде,1
наций должны,1
пять наций,1
человечества пять,1
стабильности планете,1
которые полной,1
мирного развития,1
мере учитывали,1
партнерами никому,1
заинтересованными партнерами,1
всеми заинтересованными,1
сотрудничества всеми,1
укрепления сотрудничества,1
открыта укрепления,1
россия открыта,1
отношений россия,1
международных отношений,1
современных международных,1
аспекты современных,1
военные аспекты,1
экономические военные,1
политические экономические,1
учитывали политические,1
развитие человечества,1
устойчивое развитие,1
сохранение устойчивое,1
ответственность сохранение,1
реальных действий,1
ответственности реальных,1
общей ответственности,1
нашей общей,1
созиданию развитию,1
осознания нашей,1
требует осознания,1
время требует,1
мужество время,1
мудрость мужество,1
волю мудрость,1
могли стать,1
проявить политическую,1
назрел проявить,1
безусловно назрел,1
действий подать,1
подать пример,1
пример должны,1
пять ядерных,1
особую ответственность,1
наша добрая,1
добрая воля,1
несут особую,1
держав несут,1
ядерных держав,1
именно пять,1
должны страны,1
наций именно,1
объединенных наций,1
организации объединенных,1
воля созиданию,1
основательницы организации,1
страны основательницы,1
никому угрожаем,1
угрожаем стремимся,1
стремимся навязывать,1
обладает россия,1
наблюдая анализируя,1
внимательно наблюдая,1
вперед внимательно,1
идти вперед,1
расслабляться нужно,1
лаврах расслабляться,1
почивать лаврах,1
нам почивать,1
хотя нам,1
вперед хотя,1
десятилетия вперед,1
обеспечена десятилетия,1
страны обеспечена,1
определяет наша,1
обороноспособность страны,1
успех определяет,1
анализируя то,1
то происходит,1
поколений делаем,1
прогрессивного мирного,1
основу прогрессивного,1
создает основу,1
безопасность создает,1
надежная безопасность,1
делаем надежная,1
будущих поколений,1
происходит сфере,1
системы будущих,1
комплексы системы,1
боевые комплексы,1
разрабатывать боевые,1
мире разрабатывать,1
сфере мире,1
россия обороноспособность,1
которым обладает,1
навязывать волю,1
оружие которым,1
впервые историю,1
подчеркнуть впервые,1
впервые хочу,1
объеме впервые,1
достаточном объеме,1
своевременно достаточном,1
сделаны своевременно,1
безопасности сделаны,1
национальной безопасности,1
укреплению национальной,1
шаги укреплению,1
наши шаги,1
заверить наши,1
могу заверить,1
волю могу,1
историю существования,1
существования ракетноядерного,1
ракетноядерного оружия,1
наоборот другим,1
создать оружие,1
предстоит создать,1
мира предстоит,1
государствам мира,1
ведущим государствам,1
другим ведущим,1
догоняем наоборот,1
оружия включая,1
никого догоняем,1
время никого,1
новейшее время,1
период новейшее,1
советский период,1
включая советский,1
стать сильными,1
утверждены парламентом,1
команд могли,1
впредь будут,1
правоохранительные органы,1
наказания правоохранительные,1
пресечения наказания,1
меры пресечения,1
строгие меры,1
устанавливались строгие,1
статью устанавливались,1
подпадали статью,1
сотрудники подпадали,1
практически сотрудники,1
значит практически,1
сообщество значит,1
преступное сообщество,1
организованное преступное,1
квалифицироваться организованное,1
органы впредь,1
будут обязаны,1
валюте преодолеет,1
обязаны доказать,1
благосостояния размещенная,1
национального благосостояния,1
фонда национального,1
часть фонда,1
летом часть,1
оценкам летом,1
четвертое оценкам,1
цели четвертое,1
незаконные цели,1
создавалась незаконные,1
умышленно создавалась,1
изначально умышленно,1
компания изначально,1
организация компания,1
доказать организация,1
могла квалифицироваться,1
закон могла,1
нарушили закон,1
руководители нарушили,1
нормы уголовного,1
размытые нормы,1
убирают размытые,1
которые убирают,1
достоинства граждан,1
поддержать поправки,1
прошу поддержать,1
думу прошу,1
внес думу,1
третье внес,1
проще третье,1
удобнее проще,1
бизнеса удобнее,1
работу бизнеса,1
сделать работу,1
уголовного законодательства,1
законодательства части,1
части называемых,1
ю статью,1
чьи руководители,1
компания чьи,1
любая компания,1
которой любая,1
ук которой,1
статью ук,1
внимание ю,1
называемых экономических,1
обращали внимание,1
неоднократно обращали,1
предприниматели неоднократно,1
так предприниматели,1
составов так,1
экономических составов,1
размещенная валюте,1
преодолеет отметку,1
новаторских команд,1
пятое уверенного,1
регионах местах,1
активности регионах,1
социальной активности,1
туризма социальной,1
бизнеса туризма,1
малого бизнеса,1
рост малого,1
собой рост,1
потянут собой,1
обязательно потянут,1
проекты обязательно,1
такие проекты,1
автотрассы такие,1
федеральные автотрассы,1
выходы федеральные,1
местах пятое,1
уверенного роста,1
отметку процентов,1
роста инвестиций,1
линию повышение,1
последовательную линию,1
отмечу последовательную,1
россии отмечу,1
ответственность банка,1
прямая ответственность,1
это прямая,1
знаем это,1
это знаем,1
деньги это,1
длинные деньги,1
называемые длинные,1
нужны называемые,1
экономике нужны,1
инвестиций экономике,1
центрами выходы,1
областными центрами,1
магистрали областными,1
городов магистрали,1
дополнительные доходы,1
вкладывать дополнительные,1
можем вкладывать,1
значит можем,1
безопасность значит,1
устойчивость безопасность,1
нам устойчивость,1
гарантируют нам,1
которые гарантируют,1
резервов которые,1
объемы резервов,1
такие объемы,1
сформировали такие,1
ввп сформировали,1
процентов ввп,1
доходы развитие,1
развитие национальную,1
ради достоинства,1
ограничения территорий,1
крупных городов,1
обходы крупных,1
автомобильные обходы,1
числе автомобильные,1
это числе,1
территорий это,1
инфраструктурные ограничения,1
экономику приоритетом,1
снимают инфраструктурные,1
которые снимают,1
проекты которые,1
окупаемые проекты,1
стать окупаемые,1
приоритетом должны,1
самым сделать,1
деятельности самым,1
контрольнонадзорной деятельности,1
внимание москва,1
лет менять,1
шести лет,1
течение шести,1
договорились течение,1
первое договорились,1
инвестиций первое,1
стимулирования инвестиций,1
сделать стимулирования,1
необходимо сделать,1
году необходимо,1
процентов году,1
процента процентов,1
москва кремль,1
текущего процента,1
увеличить текущего,1
менять налоговые,1
условия бизнеса,1
реформу контрольнонадзорной,1
бизнеса таким,1
защите поощрении,1
законопроектов защите,1
пакета законопроектов,1
принятие пакета,1
ускорить принятие,1
нужно ускорить,1
правительству нужно,1
депутатам правительству,1
обращаюсь депутатам,1
инвестиций обращаюсь,1
планирования инвестиций,1
горизонт планирования,1
широкий горизонт,1
обеспечить широкий,1
образом обеспечить,1
нужно увеличить,1
страны нужно,1
ввп страны,1
долю ввп,1
обновление рабочих,1
создание обновление,1
вложения создание,1
нарастить вложения,1
серьезно нарастить,1
цикл серьезно,1
инвестиционный цикл,1
новый инвестиционный,1
запустить новый,1
динамику нужно,1
такую динамику,1
получить такую,1
мировых получить,1
выше мировых,1
должны выше,1
рабочих мест,1
мест инфраструктуру,1
инфраструктуру развитие,1
ежегодный прирост,1
процентов долю,1
пяти процентов,1
составлять менее,1
должен составлять,1
инвестиций должен,1
прирост инвестиций,1
года ежегодный,1
развитие промышленности,1
начиная года,1
услуг начиная,1
сферы услуг,1
хозяйства сферы,1
сельского хозяйства,1
промышленности сельского,1
поощрении капиталовложений,1
капиталовложений напомню,1
напомню налоговые,1
называемый инвестиционный,1
поступления связи,1
теряют поступления,1
бюджеты теряют,1
региональные бюджеты,1
почему региональные,1
понятно почему,1
возможность понятно,1
используют возможность,1
редко используют,1
прибыль редко,1
налогу прибыль,1
льготу налогу,1
трехлетнюю льготу,1
вычет трехлетнюю,1
налоговый вычет,1
предлагаю счет,1
счет федеральных,1
федеральных средств,1
инвестиционного налогового,1
завершить реформу,1
наконец завершить,1
нужно наконец,1
второе году,1
вычета второе,1
налогового вычета,1
применения инвестиционного,1
средств компенсировать,1
доходов применения,1
выпадающих доходов,1
трети выпадающих,1
две трети,1
регионам две,1
компенсировать регионам,1
инвестиционный налоговый,1
предоставлять называемый,1
условия крупных,1
право предоставлять,1
зафиксированы года,1
должны зафиксированы,1
объектов должны,1
производственных объектов,1
строительстве производственных,1
нормативы строительстве,1
требования нормативы,1
лет требования,1
срок лет,1
неизменны срок,1
благодарю внимание,1
должны неизменны,1
проектов должны,1
значимых проектов,1
крупных значимых,1
года гарантии,1
гарантии инвесторам,1
инвесторам должны,1
деловые инициативы,1
федерации право,1
бизнеса субъектов,1
граждан благодарю,1
среднего бизнеса,1
малого среднего,1
инициативы малого,1
проекты деловые,1
стать нормой,1
крупные проекты,1
получить крупные,1
поддержку должны,1
конечно поддержку,1
закона конечно,1
нормой закона,1
повышение доступности,1
доступности кредита,1
кредита реального,1
талантливых молодых,1
это стимул,1
задачи это,1
амбициозные задачи,1
самые амбициозные,1
браться самые,1
оборудовании браться,1
уникальном оборудовании,1
работать уникальном,1
возможность работать,1
уверен возможность,1
мегасайенс уверен,1
класса мегасайенс,1
объекты класса,1
включая объекты,1
инфраструктуры включая,1
стимул талантливых,1
людей идти,1
возрастает должны,1
идти науку,1
инженерам предпринимателям,1
исследователям инженерам,1
лет исследователям,1
моложе лет,1
россии моложе,1
своей семьи,1
ученый россии,1
второй ученый,1
каждый второй,1
десятилетия каждый,1
середине десятилетия,1
оценкам середине,1
коллеги оценкам,1
происходит уважаемые,1
науку происходит,1
исследовательской инфраструктуры,1
семьи своих,1
развитие исследовательской,1
продолжим развитие,1
материалах источниках,1
новых материалах,1
генетике новых,1
интеллекте генетике,1
искусственном интеллекте,1
всего искусственном,1
речь прежде,1
будущее речь,1
определяют будущее,1
которые определяют,1
направлениям которые,1
стандарты направлениям,1
технологии стандарты,1
собственные технологии,1
создать собственные,1
источниках энергии,1
энергии цифровых,1
цифровых технологиях,1
слова скажу,1
задач продолжим,1
технологических задач,1
сложных технологических,1
решения сложных,1
позже решения,1
скажу позже,1
сфере слова,1
технологиях убежден,1
оборонной сфере,1
прорыва оборонной,1
такого прорыва,1
достичь такого,1
способны достичь,1
убежден способны,1
предпринимателям должны,1
должны обеспечить,1
обеспечить свободу,1
следует настроить,1
реализация идеи,1
неудачная реализация,1
риск неудачная,1
право риск,1
должно право,1
предпринимателя должно,1
технологического предпринимателя,1
финансирования технологического,1
венчурного финансирования,1
прямого венчурного,1
имя своей,1
инструментов прямого,1
поддержки инструментов,1
государственной поддержки,1
механизмы государственной,1
идеи автоматически,1
автоматически означала,1
означала нецелевое,1
создать такие,1
стартапов новаторских,1
условия стартапов,1
надеюсь многие,1
финансовые условия,1
правовые финансовые,1
такие правовые,1
словом нужно,1
нецелевое использование,1
преследованием словом,1
уголовным преследованием,1
возможным уголовным,1
последующим возможным,1
средств последующим,1
использование средств,1
настроить механизмы,1
стандартов следует,1
свободу работы,1
мировых стандартов,1
гибкий механизм,1
запустить гибкий,1
пакета году,1
законодательного пакета,1
технологического законодательного,1
называемого технологического,1
рассмотрение называемого,1
ускорить рассмотрение,1
думы ускорить,1
депутатов государственной,1
правительство депутатов,1
поиска прошу,1
инновационного поиска,1
научного инновационного,1
работы научного,1
механизм экспериментальных,1
экспериментальных правовых,1
правовых режимов,1
регулирование оборота,1
лучших мировых,1
основе лучших,1
далее основе,1
данных далее,1
больших данных,1
оборота больших,1
современное регулирование,1
режимов разработки,1
наладить современное,1
технологий наладить,1
новых технологий,1
россии новых,1
внедрения россии,1
разработки внедрения,1
своих близких,1
многократно возрастает,1
россии ради,1
года менее,1
мониторинга далее,1
экологического мониторинга,1
систему экологического,1
полноценную систему,1
сформировать полноценную,1
почвы сформировать,1
воды почвы,1
воздуха воды,1
состоянием воздуха,1
причем состоянием,1
страну причем,1
контроль страну,1
распространить контроль,1
дальнейшем распространить,1
воздуха дальнейшем,1
далее конца,1
менее крупнейших,1
мире многократно,1
крупнейших предприятий,1
выбросов настоящему,1
сокращение вредных,1
последовательное сокращение,1
означает последовательное,1
разрешения означает,1
экологические разрешения,1
комплексные экологические,1
получить комплексные,1
технологии получить,1
доступные технологии,1
наилучшие доступные,1
называемые наилучшие,1
перейти называемые,1
должны перейти,1
предприятий должны,1
качества воздуха,1
мониторинга качества,1
систему мониторинга,1
внедрить систему,1
поблагодарить парламентариев,1
хочу поблагодарить,1
ответственности хочу,1
экологической ответственности,1
социальной экологической,1
своей социальной,1
помнить своей,1
обязаны помнить,1
крупные обязаны,1
особенно крупные,1
компании особенно,1
бизнес компании,1
конечно бизнес,1
экономики конечно,1
величия россии,1
парламентариев принципиальность,1
принципиальность работе,1
работе законом,1
конечно быстрее,1
отработать внедрить,1
предстоит отработать,1
будущего значит,1
действиям нам,1
переходить действиям,1
быстрее переходить,1
значит ради,1
законом квотировании,1
нужно конечно,1
планов нужно,1
атмосферу планов,1
выбросов атмосферу,1
ради величия,1
квотировании вредных,1
настоящему времени,1
детей будущего,1
времени выдано,1
товаров упаковок,1
зарубежных ученых,1
отечественных зарубежных,1
исследования отечественных,1
совместные исследования,1
поддержать совместные,1
готова поддержать,1
россия готова,1
подчеркнуть россия,1
близких детей,1
платит уважаемые,1
загрязнитель платит,1
просто загрязнитель,1
утилизации просто,1
расходы утилизации,1
несут расходы,1
ученых проблемам,1
проблемам экологии,1
экологии изменения,1
общие вызовы,1
изменений мире,1
технологических изменений,1
скорость технологических,1
развития скорость,1
глобального развития,1
вызовы глобального,1
это общие,1
изменения климата,1
океана это,1
мирового океана,1
среды мирового,1
окружающей среды,1
загрязнения окружающей,1
климата загрязнения,1
упаковок несут,1
импортеры товаров,1
выдано таких,1
производители импортеры,1
поступающих полигоны,1
отходов поступающих,1
объем отходов,1
снизить объем,1
кардинально снизить,1
нужно кардинально,1
сбоев нужно,1
допускать сбоев,1
случае допускать,1
плану коем,1
идет плану,1
работа идет,1
целом работа,1
разрешений целом,1
таких разрешений,1
полигоны внедрять,1
внедрять раздельный,1
раздельный сбор,1
начать применение,1
производителей производители,1
ответственности производителей,1
расширенной ответственности,1
называемой расширенной,1
механизма называемой,1
применение механизма,1
года начать,1
сбор мусора,1
цикла года,1
замкнутого цикла,1
экономику замкнутого,1
переходить экономику,1
целом переходить,1
мусора целом,1
человека надеюсь,1
ценностной базой,1
многие десятилетия,1
ходе консультаций,1
источника власти,1
учтена ходе,1
федерации учтена,1
власти должно,1
должно определяющим,1
определяющим конечном,1
прокурора субъектах,1
кандидатуре прокурора,1
территорий кандидатуре,1
позиции территорий,1
касается позиции,1
беспристрастность касается,1
объективность беспристрастность,1
конечном счете,1
потерять объективность,1
главного источника,1
суверенитета главного,1
сквозная верховная,1
консультаций совете,1
прокурор это,1
значит прокурор,1
регионе значит,1
другом регионе,1
одном другом,1
законности одном,1
доморощенной законности,1
своей доморощенной,1
какойто своей,1
регионов какойто,1
палатой регионов,1
является палатой,1
который является,1
федерации который,1
совете федерации,1
рискам потерять,1
значит рискам,1
властями значит,1
местными властями,1
назначения итогам,1
принцип назначения,1
обществу принцип,1
подотчетной обществу,1
степени подотчетной,1
счете решают,1
большей степени,1
прозрачной большей,1
органов прозрачной,1
правоохранительных органов,1
силовых правоохранительных,1
работу силовых,1
сделает работу,1
подход сделает,1
считаю подход,1
федерации применен,1
применен отношении,1
отношении прокуроров,1
это практике,1
обязательствам местными,1
неформальным обязательствам,1
числе неформальным,1
определенным числе,1
приводить определенным,1
практике приводить,1
коллеги это,1
прокуроров регионов,1
собранием уважаемые,1
законодательным собранием,1
региональным законодательным,1
согласованию региональным,1
назначаются согласованию,1
регионов назначаются,1
это сквозная,1
верховная власть,1
должен закреплять,1
граждан народа,1
судей доверие,1
профессионализм судей,1
народа носителя,1
должен профессионализм,1
безусловным должен,1
подчеркну безусловным,1
суды подчеркну,1
верховный суды,1
конституционный верховный,1
система конституционный,1
судебная система,1
носителя суверенитета,1
играет судебная,1
граждан играет,1
прав граждан,1
доверие ним,1
ним справедливость,1
власть следящая,1
людей наших,1
значение основной,1
окончательное решение,1
первостепенное значение,1
имели первостепенное,1
россии имели,1
людей россии,1
судьбы людей,1
затрагивающие судьбы,1
решения затрагивающие,1
принимать решения,1
решение мнение,1
право принимать,1
моральное право,1
мнение людей,1
справедливость моральное,1
законности прав,1
обеспечении законности,1
роль обеспечении,1
ключевую роль,1
местных властей,1
прокуратуры местных,1
независимость прокуратуры,1
большая независимость,1
убежден большая,1
характера убежден,1
регионального характера,1
обстоятельств регионального,1
каких обстоятельств,1
зависимости каких,1
вне зависимости,1
законов вне,1
этих законов,1
исполнением этих,1
следящая исполнением,1
властей безусловно,1
безусловно интересах,1
интересах граждан,1
интересами интересами,1
седьмое ключевую,1
наконец седьмое,1
и наконец,1
людей и,1
наших людей,1
интересами наших,1
всего интересами,1
граждан каком,1
руководствоваться прежде,1
давайте руководствоваться,1
коллеги давайте,1
проживали уважаемые,1
субъекте проживали,1
каком субъекте,1
федерации считаю,1
решают люди,1
люди сегодня,1
власти этом,1
исполнительной ветвями,1
представительной исполнительной,1
взаимодействие представительной,1
содержательным взаимодействие,1
эффективным содержательным,1
сделает эффективным,1
кабинета сделает,1
членов кабинета,1
правительства членов,1
ответственность председателя,1
самостоятельность ответственность,1
партий самостоятельность,1
парламентских партий,1
думы парламентских,1
значение государственной,1
городе поселке,1
этом уважаемые,1
сегодня будущем,1
регионе городе,1
традиций нормально,1
культурноисторических традиций,1
многообразием культурноисторических,1
устройством многообразием,1
национальнотерриториальным устройством,1
вопросах жизни,1
сложным национальнотерриториальным,1
территорией сложным,1
огромной территорией,1
страна огромной,1
жизни каждом,1
наша страна,1
убежден наша,1
следующее убежден,1
подчеркнуть следующее,1
страны роль,1
парламента страны,1
значение парламента,1
поселке сильную,1
политической системе,1
изменения политической,1
серьезные изменения,1
очень серьезные,1
само очень,1
это само,1
лиц аплодисменты,1
должностных лиц,1
соответствующих должностных,1
кандидатуры соответствующих,1
парламентом кандидатуры,1
утвержденные парламентом,1
отклонить утвержденные,1
вправе отклонить,1
должность вправе,1
системе однако,1
повторю учетом,1
учетом зрелости,1
общества такие,1
повысит роль,1
это повысит,1
оправданными это,1
считаю оправданными,1
предложения считаю,1
такие предложения,1
гражданского общества,1
зрелости наших,1
авторитета гражданского,1
объединений авторитета,1
партийных объединений,1
политических партийных,1
основных политических,1
наших основных,1
нормально развиваться,1
развиваться скажу,1
скажу больше,1
обязанностей связи,1
случае считаю,1
системой случае,1
правоохранительной системой,1
всей правоохранительной,1
силами всей,1
выборе стратегии,1
вооруженными силами,1
руководство вооруженными,1
прямое руководство,1
оставаться прямое,1
должно оставаться,1
президентом должно,1
также президентом,1
доверия также,1
утратой доверия,1
необходимым сделать,1
будущем выборе,1
сделать шаг,1
назначение руководителей,1
проводить итогам,1
президент проводить,1
ведомств президент,1
силовых ведомств,1
называемых силовых,1
руководителей называемых,1
предусмотреть назначение,1
шаг обеспечения,1
шестое предлагаю,1
связи шестое,1
власти связи,1
баланса ветвями,1
большего баланса,1
обеспечения большего,1
связи утратой,1
стратегии развития,1
больше просто,1
исполнения обязанностей,1
президентом безусловно,1
поэтому президентом,1
республикой поэтому,1
президентской республикой,1
сильной президентской,1
оставаться сильной,1
должна оставаться,1
россия должна,1
республики россия,1
парламентской республики,1
форме парламентской,1
повседневных вопросах,1
стабильно форме,1
существовать стабильно,1
просто существовать,1
безусловно должно,1
должно сохраняться,1
сохраняться право,1
должности председателя,1
ненадлежащего исполнения,1
случае ненадлежащего,1
министров случае,1
замов федеральных,1
страны повседневных,1
правительства замов,1
отстранять должности,1
право определять,1
право отстранять,1
правительства право,1
деятельности правительства,1
приоритеты деятельности,1
задачи приоритеты,1
определять задачи,1
закон должен,1
закреплять защищать,1
десятилетия будут,1
ориентиром ценности,1
задачи служат,1
противоположные задачи,1
прямо противоположные,1
бы прямо,1
казалось бы,1
стоят казалось,1
нами стоят,1
строительстве нами,1
государственном строительстве,1
дальнейшем государственном,1
поэтому дальнейшем,1
время поэтому,1
свое время,1
подумать свое,1
жаль подумать,1
служат ориентиром,1
ценности которые,1
стабильную безусловно,1
которые могут,1
контуру абсолютно,1
внешнему контуру,1
неуязвимую внешнему,1
надежную неуязвимую,1
прочную надежную,1
систему прочную,1
создать систему,1
виду должны,1
несовместимыми имею,1
представляться несовместимыми,1
законов вместе,1
тем учитывая,1
взгляд представляться,1
первый взгляд,1
могут первый,1
задумывался жаль,1
раньше задумывался,1
никто раньше,1
которых никто,1
конечно сохранился,1
амбиции этом,1
прежние амбиции,1
остались прежние,1
союза остались,1
распада советского,1
года распада,1
страной года,1
нашей страной,1
стало нашей,1
коллеги стало,1
забывать уважаемые,1
стоим забывать,1
вызовами стоим,1
какими вызовами,1
новации касаются,1
сохранился колоссальный,1
предложенные новации,1
возникли угрозы,1
масштаба которых,1
учитывая предложенные,1
такого масштаба,1
угрозы такого,1
причем угрозы,1
угрозы причем,1
далее возникли,1
колоссальный потенциал,1
культурноисторический далее,1
территориальный культурноисторический,1
ресурсный территориальный,1
интеллектуальный ресурсный,1
человеческий интеллектуальный,1
потенциал человеческий,1
абсолютно стабильную,1
безусловно гарантирующую,1
защищать независимость,1
остается главное,1
развития незыблемым,1
стабильного развития,1
безошибочного стабильного,1
пусть безошибочного,1
общества пусть,1
рамках действующей,1
эволюции общества,1
прогрессивной эволюции,1
условие прогрессивной,1
неотъемлемое условие,1
обновление неотъемлемое,1
такое обновление,1
сферах такое,1
положение других,1
высокое положение,1
незыблемым остается,1
главное интересы,1
гарантирующую россии,1
интересы россии,1
значит могут,1
конституции значит,1
основ конституции,1
фундаментальных основ,1
затрагивают фундаментальных,1
обсуждать затрагивают,1
предстоит обсуждать,1
которые нам,1
подчеркнуть поправки,1
особо подчеркнуть,1
хотел особо,1
парламентом рамках,1
принципиальным хотел,1
считаю принципиальным,1
россии считаю,1
занимает высокое,1
власти занимает,1
действующей процедуры,1
процедуры действующего,1
связи тем,1
меняющуюся связи,1
главное меняющуюся,1
своевременно главное,1
легко своевременно,1
соответствующих конституционных,1
конституционных законов,1
гибкую легко,1
живую гибкую,1
внутри живую,1
систему внутри,1
время систему,1
суверенитет время,1
независимость суверенитет,1
россии независимость,1
тем происходит,1
происходит мире,1
мире вокруг,1
общества систему,1
находится власти,1
действующего закона,1
сменяемость тех,1
числе сменяемость,1
обеспечивающую числе,1
систему обеспечивающую,1
самого российского,1
вокруг нас,1
развитием самого,1
связи развитием,1
главное связи,1
закона принятие,1
принятие соответствующих,1
нас главное,1
показать какими,1
минимум показать,1
направление минимум,1
явно хватает,1
сложившейся практики,1
исходя сложившейся,1
делается исходя,1
предложение делается,1
это предложение,1
судьи это,1
статуса судьи,1
лицом статуса,1
сохранения лицом,1
невозможности сохранения,1
свидетельствующих невозможности,1
законом свидетельствующих,1
конституционным законом,1
всему пакету,1
пакету предложенных,1
практики явно,1
хватает кроме,1
определенное направление,1
того повышения,1
наделить возможностью,1
именно наделить,1
суда именно,1
страны всему,1
роль конституционного,1
усилить роль,1
предлагаю усилить,1
граждан предлагаю,1
интересов граждан,1
защиты интересов,1
надежной защиты,1
законодательства надежной,1
отечественного законодательства,1
качества отечественного,1
повышения качества,1
федеральным конституционным,1
предусмотренных федеральным,1
случаях предусмотренных,1
иных случаях,1
результатам принимать,1
принимать окончательное,1
представлению президента,1
федерации представлению,1
полномочия совета,1
конституции полномочия,1
предусмотреть конституции,1
необходимым предусмотреть,1
законодательству считаю,1
федеральному законодательству,1
конституции федеральному,1
подчинения конституции,1
принцип подчинения,1
судей принцип,1
независимость судей,1
федерации результатам,1
президента россии,1
предложенных поправок,1
совершения ими,1
также иных,1
достоинство также,1
честь достоинство,1
порочащих честь,1
проступков порочащих,1
ими проступков,1
случае совершения,1
россии отрешать,1
судов случае,1
верховного судов,1
конституционного верховного,1
судей конституционного,1
должности судей,1
отрешать должности,1
голосование граждан,1
возможностью запросам,1
запросам президента,1
предложения конечно,1
партии регионы,1
объединения партии,1
общественные объединения,1
выскажут общественные,1
идеи выскажут,1
свои идеи,1
уверен свои,1
конституции уверен,1
политической системы,1
возможных поправок,1
вокруг возможных,1
дискуссий вокруг,1
системы деятельности,1
круг дискуссий,1
ограничивают круг,1
регионы юридическое,1
юридическое сообщество,1
сообщество граждане,1
но открывая,1
придать определенное,1
хотел придать,1
дискуссию хотел,1
касаются существенных,1
открывая дискуссию,1
существенных изменений,1
изменений политической,1
граждане страны,1
обсуждение но,1
публичное обсуждение,1
широкое публичное,1
самое широкое,1
необходимо самое,1
страны необходимо,1
конечно ограничивают,1
прозвучавшие предложения,1
президента проверять,1
подчеркну прозвучавшие,1
распространении полномочий,1
подумать распространении,1
судебной власти,1
государства подумать,1
главой государства,1
подписания главой,1
власти считаю,1
необходимым провести,1
собранием подписания,1
федеральным собранием,1
принятых федеральным,1
законопроектов принятых,1
конституционность законопроектов,1
провести голосование,1
проверять конституционность,1
полномочий конституционного,1
суда оценивать,1
оценивать соответствие,1
деятельности исполнительной,1
коллеги подчеркну,1
уровня уважаемые,1
регионального уровня,1
власти федерального,1
государственной власти,1
органов государственной,1
исполнительной законодательной,1
законодательной судебной,1
акты органов,1
нормативноправовые акты,1
иные нормативноправовые,1
законы иные,1
конституции законы,1
соответствие конституции,1
назначить должность,1
обязан назначить,1
президент обязан,1
службы именно,1
миссия государственной,1
смысл миссия,1
государства смысл,1
другого государства,1
территории другого,1
вклад каждого,1
проживать территории,1
постоянно проживать,1
позволяет постоянно,1
который позволяет,1
документ который,1
иной документ,1
либо иной,1
жительство либо,1
вид жительство,1
государственной службы,1
именно служении,1
допущений жесткие,1
служении человек,1
всяких полутонов,1
иначе всяких,1
никак иначе,1
народом никак,1
нашим народом,1
россией нашим,1
связывает россией,1
решить связывает,1
всего решить,1
должен прежде,1
путь должен,1
выбирает путь,1
который выбирает,1
значим вклад,1
человек который,1
каждого вместе,1
гражданство вид,1
иностранное гражданство,1
иметь иностранное,1
безопасности суверенитета,1
обеспечения безопасности,1
важные обеспечения,1
критически важные,1
обязательно изменим,1
должности критически,1
занимают должности,1
которые занимают,1
лицам которые,1
требования лицам,1
изменим лучшему,1
обязательные требования,1
закрепить обязательные,1
уровне закрепить,1
конституционном уровне,1
суверенитета страны,1
сообща обязательно,1
именно главы,1
руководители иных,1
могут иметь,1
судьи могут,1
также судьи,1
органов также,1
федеральных органов,1
иных федеральных,1
вместе сообща,1
федерации члены,1
министры руководители,1
федеральные министры,1
заместители федеральные,1
правительства заместители,1
председатель правительства,1
думы председатель,1
полутонов допущений,1
жесткие требования,1
министров президент,1
обеспечить высокие,1
наша задача,1
говорил наша,1
этим говорил,1
согласен этим,1
прорывные исторические,1
принципиальный согласен,1
вопрос принципиальный,1
считаю вопрос,1
подряд считаю,1
сроков подряд,1
двух сроков,1
федерации двух,1
занимать должность,1
должно занимать,1
лицо должно,1
задача обеспечить,1
высокие стандарты,1
требования должны,1
стандарты жизни,1
тем знаете,1
стоят прорывные,1
развития вместе,1
планы развития,1
наши планы,1
проекты наши,1
направлены национальные,1
цели направлены,1
достижение цели,1
именно достижение,1
причем всей,1
человека причем,1
возможности каждого,1
равные возможности,1
жизни равные,1
одно лицо,1
том одно,1
положение том,1
конституционное положение,1
менее лет,1
россии менее,1
проживании территории,1
исторические задачи,1
постоянном проживании,1
требование постоянном,1
закрепить требование,1
предлагаю закрепить,1
федерации предлагаю,1
задачи решении,1
претендующим должность,1
решении значим,1
лицам претендующим,1
предъявляться лицам,1
должны предъявляться,1
лет также,1
также отсутствии,1
отсутствии иностранного,1
участия выборах,1
обсуждается конституционное,1
обществе обсуждается,1
также нашем,1
знаю также,1
ранее знаю,1
выборах ранее,1
момент участия,1
иностранного гражданства,1
причем момент,1
государстве причем,1
другом государстве,1
жительство другом,1
вида жительство,1
гражданства вида,1
предлагаю конституционном,1
второе предлагаю,1
конституции второе,1
сделали этого,1
безусловным многое,1
должен безусловным,1
народа должен,1
нашего народа,1
суверенитет нашего,1
государство суверенитет,1
суверенное государство,1
россией суверенное,1
оставаться россией,1
россия оставаться,1
первое россия,1
благополучие первое,1
человека благополучие,1
достоинство человека,1
граждан достоинство,1
многое сделали,1
этого восстановили,1
нашей конституции,1
восстановили единство,1
вернулась международную,1
россия вернулась,1
кланами россия,1
олигархическими кланами,1
фактически олигархическими,1
узурпированы фактически,1
функции узурпированы,1
властные функции,1
государственные властные,1
некоторые государственные,1
ситуацией некоторые,1
покончили ситуацией,1
страны покончили,1
это мы,1
единство страны,1
мы имею,1
свободы права,1
являются свободы,1
ценностью являются,1
возможным обозначить,1
полагаю возможным,1
прозвучали полагаю,1
конституции прозвучали,1
изменения конституции,1
тему изменения,1
высказывания тему,1
вместе высказывания,1
общества вместе,1
виду тех,1
базой российского,1
могут утверждены,1
прочной ценностной,1
оставаться прочной,1
будут оставаться,1
обозначить позицию,1
позицию вынести,1
вынести обсуждение,1
важными дальнейшего,1
высшей ценностью,1
котором высшей,1
государства котором,1
социального государства,1
правового социального,1
россии правового,1
обоснованными важными,1
обсуждение ряд,1
вполне обоснованными,1
считаю вполне,1
которые считаю,1
поправок которые,1
конституционных поправок,1
ряд конституционных,1
международную политику,1
политику страна,1
страна мнением,1
россии нашем,1
решения международных,1
также решения,1
договоров также,1
говорю это,1
законодательства договоров,1
международного законодательства,1
требования международного,1
следующее требования,1
буквально следующее,1
означает буквально,1
означает это,1
пространстве это,1
это слово,1
слово вместе,1
правовом пространстве,1
международных органов,1
органов могут,1
могут действовать,1
собой ограничения,1
противоречат нашей,1
гражданина противоречат,1
человека гражданина,1
свобод человека,1
прав свобод,1
ограничения прав,1
влекут собой,1
действовать территории,1
лучшему часто,1
которой влекут,1
части которой,1
той части,1
россии той,1
часто говорю,1
нашем правовом,1
вместе россия,1
мнением которой,1
приоритет конституции,1
граждан национальную,1
социальные права,1
защитить социальные,1
ввп россии,1
способность защитить,1
государства способность,1
нашего государства,1
устойчивость нашего,1
повышает устойчивость,1
кратно повышает,1
резервы кратно,1
мощные резервы,1
создали мощные,1
считаться создали,1
которой считаться,1
экономику любых,1
любых попыток,1
попыток внешнего,1
закон страны,1
гарантируют приоритет,1
прямо гарантируют,1
которые прямо,1
изменения которые,1
некоторые изменения,1
страны некоторые,1
внести основной,1
внешнего давления,1
время внести,1
пришло время,1
россия это,1
считаю пришло,1
действительно считаю,1
давления действительно,1
знаете каким,1
каким проблемам,1
проблемам образовании,1
патриотических позиций,1
задач выступают,1
нами задач,1
стоящих нами,1
решению стоящих,1
подходов решению,1
разницу подходов,1
несмотря разницу,1
страны несмотря,1
силы страны,1
политические силы,1
основные политические,1
многом рубежный,1
требовательным основные,1
ответственным требовательным,1
зрелым ответственным,1
выступают патриотических,1
позиций отражают,1
совет работе,1
отражают интересы,1
народа наступивший,1
регулярно полагают,1
встречаемся регулярно,1
знаете встречаемся,1
лидерами знаете,1
думе лидерами,1
наступивший год,1
год многом,1
представленные государственной,1
фракции представленные,1
практически фракции,1
избирателей практически,1
сторонников избирателей,1
своих сторонников,1
интересы своих,1
становится зрелым,1
общество становится,1
российское общество,1
пятое российское,1
профессиональное всестороннее,1
обеспечивают профессиональное,1
третьему десятилетию,1
группы обеспечивают,1
рабочие группы,1
эффективность рабочие,1
высокую эффективность,1
показал высокую,1
госсовет показал,1
время госсовет,1
прошедшее время,1
регионов прошедшее,1
главы регионов,1
участвуют главы,1
которого участвуют,1
переход третьему,1
всестороннее качественное,1
качественное рассмотрение,1
россии соответствующий,1
совета пятое,1
рубежный это,1
государственного совета,1
роль государственного,1
статус роль,1
соответствующий статус,1
это переход,1
рассмотрение наиболее,1
целесообразным закрепить,1
считаю целесообразным,1
вопросов считаю,1
страны вопросов,1
значимых граждан,1
наиболее значимых,1
мнению народа,1
людей мнению,1
полагают федеральное,1
статьями конституции,1
заместителей министров,1
кабинета заместителей,1
главу кабинета,1
назначает главу,1
затем назначает,1
россии затем,1
правительства россии,1
современную россию,1
назначение председателя,1
думы назначение,1
согласие государственной,1
получает согласие,1
лишь получает,1
президент лишь,1
федерации президент,1
министров предлагаю,1
предлагаю изменить,1
порядок доверить,1
федерации затем,1
сильную благополучную,1
вицепремьеров федеральных,1
правительства вицепремьеров,1
представлению председателя,1
представлению представлению,1
затем представлению,1
благополучную современную,1
доверить государственной,1
правительства российской,1
кандидатуры председателя,1
утверждение кандидатуры,1
согласование утверждение,1
просто согласование,1
думе просто,1
россию сможем,1
соответствии статьями,1
федеральное собрание,1
сможем построить,1
дослушайте хочу,1
поаплодировать дослушайте,1
возможность поаплодировать,1
думаю возможность,1
аплодисменты думаю,1
ожидаемые аплодисменты,1
это ожидаемые,1
построить основе,1
правительства аплодисменты,1
основе безусловного,1
безусловного уважения,1
уважения мнению,1
мнению людей,1
готово взять,1
собрание готово,1
сказать взять,1
правительства это,1
значит взять,1
постановкой вопроса,1
сейчас соответствии,1
дело сейчас,1
обстоит дело,1
полностью обстоит,1
согласен полностью,1
вопроса согласен,1
согласен постановкой,1
ответственность ту,1
проводит согласен,1
правительство проводит,1
это правительство,1
которую это,1
политику которую,1
ту политику,1
работе которого,1
государственный совет,1
образовании здравоохранении,1
государственными муниципальными,1
эффективное взаимодействие,1
выстроить эффективное,1
власти выстроить,1
публичной власти,1
системы публичной,1
единой системы,1
принципы единой,1
конституции принципы,1
века россией,1
необходимым закрепить,1
страны считаю,1
целостности страны,1
обществу целостности,1
нашему обществу,1
угрозу нашему,1
взаимодействие государственными,1
муниципальными органами,1
возрожден государственный,1
органами полномочия,1
конечно любом,1
укреплены конечно,1
расширены укреплены,1
должны расширены,1
могут должны,1
власти могут,1
уровня власти,1
людям уровня,1
близкого людям,1
самого близкого,1
самоуправления самого,1
местного самоуправления,1
возможности местного,1
реальные возможности,1
полномочия реальные,1
прямую угрозу,1
несет прямую,1
человеку несет,1
отношению человеку,1
полномочий прежде,1
запутанность полномочий,1
разделенность запутанность,1
такая разделенность,1
власти такая,1
уровнями власти,1
муниципальным уровнями,1
государственным муниципальным,1
говорил государственным,1
я говорил,1
разрыв я,1
приводит разрыв,1
сферах приводит,1
россией стоят,1
здравоохранении других,1
всего отрицательно,1
отрицательно сказывается,1
сказывается людях,1
разных регионах,1
несправедливо отношению,1
это несправедливо,1
поразному это,1
обеспечиваются поразному,1
муниципалитетах обеспечиваются,1
регионах муниципалитетах,1
гарантии разных,1
людях предусмотренные,1
возможности гарантии,1
права возможности,1
граждан права,1
общие граждан,1
законодательством общие,1
предусмотренные законодательством,1
любом случае,1
случае любой,1
любой ситуации,1
виду регулярную,1
опыт это,1
свой опыт,1
проблемы свой,1
особенности проблемы,1
свои особенности,1
федерации свои,1
субъекта федерации,1
каждого субъекта,1
страна каждого,1
огромная страна,1
россия огромная,1
четвертое россия,1
xxi века,1
пенсий четвертое,1
индексацию пенсий,1
это безусловно,1
безусловно учитывать,1
учитывать считаю,1
решений федеральном,1
инициативе возрожден,1
моей инициативе,1
году моей,1
знаете году,1
уровне знаете,1
федеральном уровне,1
принятии решений,1
десятилетию xxi,1
выработке принятии,1
губернаторов выработке,1
роль губернаторов,1
повысить роль,1
кардинально повысить,1
необходимым кардинально,1
регулярную индексацию,1
обеспечения имею,1
ситуации всей,1
пенсионного обеспечения,1
труда россии,1
размер оплаты,1
минимальный размер,1
том минимальный,1
норму том,1
конституции норму,1
прямо закрепить,1
необходимым прямо,1
поэтому считаю,1
государства поэтому,1
обязательства государства,1
социальные обязательства,1
исполняться социальные,1
должны исполняться,1
страны должны,1
россии ниже,1
ниже размера,1
размера прожиточного,1
конституции также,1
достойного пенсионного,1
принципы достойного,1
законе принципы,1
основном законе,1
закрепить основном,1
также закрепить,1
это конституции,1
минимума трудоспособного,1
закрепить это,1
есть закрепить,1
законе есть,1
это законе,1
населения это,1
трудоспособного населения,1
россии должны,1
установленного ориентира,1
роста ввп,1
право материнский,1
первенца семья,1
рождении первенца,1
года рождении,1
силу января,1
вступить силу,1
должны вступить,1
также должны,1
которые также,1
капиталу которые,1
решения материнскому,1
дополнительные решения,1
новые дополнительные,1
предложить новые,1
хотел предложить,1
детях связи,1
получит право,1
капитал сегодняшнем,1
уверен мечтает,1
сегодняшнем объеме,1
даст возможность,1
поддержка даст,1
такая поддержка,1
ребенка такая,1
последующего ребенка,1
второго последующего,1
полагалось рождении,1
пор полагалось,1
столько сих,1
именно столько,1
рублей именно,1
это рублей,1
года это,1
индексации января,1
объеме индексации,1
мечтает детях,1
и уверен,1
семье подготовиться,1
государство намерено,1
людей вопрос,1
многих людей,1
волнующий многих,1
звучит волнующий,1
часто звучит,1
знаю часто,1
года знаю,1
период декабря,1
рассчитана период,1
программа рассчитана,1
эта программа,1
ребенка эта,1
принимающим решение,1
семьям принимающим,1
помочь семьям,1
вопрос государство,1
намерено делать,1
семейную и,1
делать декабря,1
начинает семейную,1
тех начинает,1
людей тех,1
поддержать молодых,1
необходимо поддержать,1
нам необходимо,1
недостаточно нам,1
обязательно недостаточно,1
сделать обязательно,1
шаг нужно,1
года шаг,1
минимум декабря,1
программу минимум,1
продлим программу,1
года продлим,1
возможность семье,1
подготовиться рождению,1
цель смысл,1
гасит семью,1
ребенка государство,1
третьего ребенка,1
рождении третьего,1
приняли решение,1
добавлю приняли,1
рублей добавлю,1
сказал рублей,1
это сказал,1
размере это,1
увеличенном размере,1
новом увеличенном,1
предоставляться новом,1
должен предоставляться,1
капитал должен,1
второго материнский,1
государство гасит,1
семью тысяч,1
ребенок рождения,1
рублей ипотечного,1
свыше одного,1
проблемы свыше,1
жилищной проблемы,1
своей жилищной,1
решение своей,1
вложить решение,1
государства вложить,1
помощи государства,1
сможет помощи,1
детьми сможет,1
тремя детьми,1
семья тремя,1
целом семья,1
кредита целом,1
ипотечного кредита,1
рождения второго,1
семье ребенок,1
рождению второго,1
капитал тысяч,1
предлагаю увеличивать,1
больше предлагаю,1
сделать больше,1
недостаточно нужно,1
страна недостаточно,1
сталкивается страна,1
вызовов которыми,1
демографических вызовов,1
тех демографических,1
учетом тех,1
мало учетом,1
условиях мало,1
современных условиях,1
считаю современных,1
ребенка считаю,1
увеличивать материнский,1
рублей право,1
считаю семье,1
право дополнительные,1
индексироваться считаю,1
ежегодно индексироваться,1
дальнейшем ежегодно,1
рублей дальнейшем,1
составит рублей,1
детьми составит,1
капитала семьи,1
размер материнского,1
общий размер,1
образом общий,1
ребенка таким,1
получит рождении,1
капиталу семья,1
средства материнскому,1
дополнительные средства,1
смысл помочь,1
главная цель,1
миллиона рублей,1
небольшого собственного,1
трудоустройстве открытии,1
содействие трудоустройстве,1
квалификации содействие,1
повышению квалификации,1
переобучению повышению,1
помощь переобучению,1
выплаты помощь,1
регулярные выплаты,1
гражданам регулярные,1
предоставлять гражданам,1
государство предоставлять,1
контракта государство,1
рамках контракта,1
семьи рамках,1
нуждающейся семьи,1
открытии небольшого,1
собственного дела,1
жизни каждой,1
дела оказывая,1
проблем включая,1
собственных проблем,1
решению собственных,1
шагов решению,1
встречных шагов,1
ожидать встречных,1
вправе ожидать,1
государство вправе,1
общество государство,1
конечно общество,1
доходами конечно,1
гражданам низкими,1
помощь гражданам,1
всестороннюю помощь,1
оказывая всестороннюю,1
каждой нуждающейся,1
качества жизни,1
трудоустройство ответственное,1
провести регионы,1
работы должны,1
нормативной работы,1
часть нормативной,1
оперативно часть,1
максимально оперативно,1
это максимально,1
сделать это,1
парламентариев сделать,1
правительство парламентариев,1
бюджета прошу,1
корректировка федерального,1
ресурсы корректировка,1
серьезные ресурсы,1
потребуются серьезные,1
меры потребуются,1
должны провести,1
регионы должны,1
доходов качества,1
сделать причем,1
повышения доходов,1
программой повышения,1
индивидуальной программой,1
рода индивидуальной,1
своего рода,1
стать своего,1
призван стать,1
контракта призван,1
практику социального,1
расширять практику,1
необходимости расширять,1
года необходимости,1
послании прошлого,1
быстро послании,1
причем быстро,1
включая трудоустройство,1
ответственное выполнение,1
капитала главная,1
социальных контрактов,1
количество заключенных,1
работы количество,1
результативности работы,1
показателем результативности,1
регионов показателем,1
руководители регионов,1
числе руководители,1
коллеги числе,1
внимание уважаемые,1
обращаю ваше,1
федерации обращаю,1
механизм субъектах,1
внедрить механизм,1
году внедрить,1
регионов году,1
заключенных социальных,1
контрактов реальное,1
финансовую поддержку,1
реальное снижение,1
программу материнского,1
предложил программу,1
любви предложил,1
главном любви,1
так главном,1
сказал так,1
помню сказал,1
предложил помню,1
собранию предложил,1
посланием федеральному,1
обращаясь посланием,1
также обращаясь,1
году также,1
коллеги году,1
бедности уважаемые,1
поддержку регионов,1
расширить финансовую,1
выполнение своих,1
бедности повышение,1
крайне низкая,1
пока крайне,1
эффективность пока,1
контракта эффективность,1
механизм социального,1
внедрять механизм,1
начали внедрять,1
регионы начали,1
семьи регионы,1
членам семьи,1
другим членам,1
детям другим,1
отношению детям,1
обязанностей отношению,1
своих обязанностей,1
низкая снижение,1
повышение доходов,1
вовторых расширить,1
доходов семей,1
и вовторых,1
контракта и,1
принципы социального,1
сами принципы,1
обновить сами,1
проектов обновить,1
пилотных проектов,1
опыт пилотных,1
учесть опыт,1
правительство учесть,1
вопервых прошу,1
поэтому вопервых,1
слабое поэтому,1
влияние слабое,1
семей влияние,1
одного миллиона,1
рублей целого,1
темпы роста,1
тех регионах,1
потребует времени,1
конечно потребует,1
это конечно,1
сказал это,1
делалось сказал,1
союза делалось,1
время советского,1
внимание время,1
продуктами обращаю,1
качественными продуктами,1
безусловно качественными,1
снабжения и,1
систему снабжения,1
наладить систему,1
буфеты наладить,1
времени тех,1
регионах школах,1
оборудовать столовые,1
школах техническая,1
младшие школьники,1
года младшие,1
позднее сентября,1
работу позднее,1
форсировать работу,1
прошу форсировать,1
коллег прошу,1
остальных коллег,1
года остальных,1
предоставляться сентября,1
должно предоставляться,1
питание должно,1
горячее питание,1
готовность бесплатное,1
техническая готовность,1
столовые буфеты,1
инфраструктуру оборудовать,1
федерации всей,1
оправданной организовать,1
думаю эта,1
было думаю,1
такого было,1
обществе такого,1
расслоения обществе,1
поддержки расслоения,1
граждан меры,1
поддержки граждан,1
программой поддержки,1
социальной программой,1
широкой социальной,1
время широкой,1
советское время,1
говорят советское,1
да говорят,1
мера оправданной,1
организовать бесплатное,1
необходимую инфраструктуру,1
горячее и,1
школах необходимую,1
создать школах,1
деньгах нужно,1
вопрос деньгах,1
местного вопрос,1
регионального местного,1
источников федерального,1
трех источников,1
средства трех,1
направить средства,1
предлагаю направить,1
питание предлагаю,1
здоровое питание,1
подчеркну здоровое,1
и подчеркну,1
школьники субъектах,1
стране должны,1
это чрезвычайно,1
ребята которые,1
поколение это,1
большое поколение,1
растет большое,1
поэтому растет,1
россии поэтому,1
результат россии,1
результат дали,1
развития дали,1
демографического развития,1
сфере демографического,1
годы сфере,1
предыдущие годы,1
предприняли предыдущие,1
которые предприняли,1
шаги которые,1
это ребята,1
которые ходят,1
начале послания,1
ходят детский,1
материнства отцовства,1
радость материнства,1
счастье радость,1
любовь счастье,1
это любовь,1
семьи семья,1
многодетной семьи,1
ценности многодетной,1
подлинные ценности,1
восприняли подлинные,1
важно восприняли,1
школах очень,1
учатся школах,1
сад учатся,1
детский сад,1
послания шаги,1
то начале,1
обеспечены бесплатным,1
стройную масштабную,1
создать россии,1
том создать,1
заключается том,1
мер заключается,1
нами мер,1
принимаемых нами,1
подчеркнуть принимаемых,1
всех хочу,1
смысл всех,1
коллеги смысл,1
целом уважаемые,1
хотел целом,1
питанием хотел,1
качественным горячим,1
бесплатным качественным,1
россии стройную,1
масштабную и,1
вовторых то,1
и главное,1
жизни вовторых,1
достаточными достойной,1
детей достаточными,1
ноги детей,1
поднимает ноги,1
тех поднимает,1
очередь тех,1
первую очередь,1
граждан первую,1
доходы наших,1
семей доходы,1
систему поддержки,1
работающую систему,1
эффективно работающую,1
главное эффективно,1
важно да,1
общества это,1
целого ряда,1
выплате детей,1
сказал новой,1
вопрос сказал,1
важный вопрос,1
очень важный,1
реализацию очень,1
включаться реализацию,1
активнее включаться,1
госучастием активнее,1
банки госучастием,1
прошу банки,1
процента прошу,1
ставке процента,1
ипотека ставке,1
семей ипотека,1
молодых семей,1
новой выплате,1
включительно это,1
социальная программа,1
все можем,1
доход однако,1
дополнительный доход,1
получить дополнительный,1
работу получить,1
возможности выйти,1
появляется возможности,1
мам появляется,1
особенно мам,1
родителей особенно,1
школу родителей,1
идет школу,1
ребенок идет,1
да ребенок,1
сделать да,1
можем должны,1
программа молодых,1
запущена социальная,1
расходы семьи,1
процентов годовых,1
ипотеки шесть,1
ставку ипотеки,1
льготную ставку,1
также льготную,1
напомню также,1
дома напомню,1
квартиры дома,1
стоимости квартиры,1
половина стоимости,1
это половина,1
центров это,1
областных центров,1
городов областных,1
регионов городов,1
ряда регионов,1
шесть процентов,1
годовых семей,1
востоке запущена,1
семей двумя,1
дальнем востоке,1
сразу дальнем,1
десять сразу,1
возросло десять,1
поддержки возросло,1
мерой поддержки,1
воспользовался мерой,1
тех воспользовался,1
число тех,1
результате число,1
кредита результате,1
срок кредита,1
весь срок,1
распространили весь,1
детьми распространили,1
однако расходы,1
семьи собрать,1
кажется нашего,1
характерная нашего,1
логика тоже,1
правда логика,1
это правда,1
логика это,1
конечно логика,1
государства этом,1
поддержку государства,1
одинаковую поддержку,1
получать одинаковую,1
доходами будут,1
маленькими доходами,1
доходами маленькими,1
приличными доходами,1
люди приличными,1
справедливо люди,1
тоже характерная,1
общества должны,1
том это,1
должны чувствовать,1
могут кажется,1
прокормить могут,1
ребенка прокормить,1
чувствовать ребенка,1
унижает чувствовать,1
положение унижает,1
сегодняшнее положение,1
часто сегодняшнее,1
которых часто,1
родители которых,1
дети родители,1
должны дети,1
условиях должны,1
равных условиях,1
чувствовать равных,1
очень справедливо,1
говорят том,1
собрать ребенка,1
школы первого,1
учеников начальной,1
питанием учеников,1
бесплатным горячим,1
обеспечить бесплатным,1
предлагаю обеспечить,1
поддержать связи,1
нужно поддержать,1
также нужно,1
этапе также,1
прибавляется этапе,1
семьи прибавляется,1
забот семьи,1
возрастают забот,1
школу возрастают,1
ребенка школу,1
начальной школы,1
первого четвертый,1
поддержать говорят,1
четвертый класс,1
хочется поддержать,1
детей хочется,1
потому детей,1
возражают потому,1
целом возражают,1
общем целом,1
коллеги общем,1
некоторые коллеги,1
счет некоторые,1
шли счет,1
дискуссии шли,1
большие дискуссии,1
скрывать большие,1
буду скрывать,1
класс буду,1
предложенной меры,1
реализации предложенной,1
месяц реализации,1
люди вынужденно,1
редкостью вовсе,1
детьми редкостью,1
войны семьи,1
хуже время,1
всего хуже,1
например всего,1
м например,1
годах м,1
х годах,1
хуже х,1
правда хуже,1
войны правда,1
году время,1
сравнения году,1
мало сравнения,1
вовсе люди,1
вынужденно откладывали,1
европейских странах,1
откладывали рождение,1
демографической ловушки,1
выбраться демографической,1
вызов выбраться,1
ответить вызов,1
обязанность ответить,1
историческая обязанность,1
наша историческая,1
настораживать наша,1
могут настораживать,1
прогнозы могут,1
негативные прогнозы,1
существующие негативные,1
повторю существующие,1
ребенка повторю,1
рождение ребенка,1
странах нашей,1
многих европейских,1
десятилетия обеспечить,1
ключевой показатель,1
проходит россия,1
который проходит,1
периода который,1
демографического периода,1
напряженность демографического,1
падает напряженность,1
вновь падает,1
рождений вновь,1
годов число,1
х годов,1
поколения х,1
малочисленные поколения,1
создают малочисленные,1
семьито создают,1
больше семьито,1
россия ключевой,1
показатель суммарный,1
самое многих,1
суммарный коэффициент,1
примерно самое,1
это примерно,1
да это,1
мало да,1
мало нашей,1
это мало,1
оценке это,1
предварительной оценке,1
составил предварительной,1
году составил,1
женщину году,1
одну женщину,1
приходящихся одну,1
рождений приходящихся,1
рождаемости число,1
ловушки середине,1
обеспечить устойчивый,1
школьников становится,1
возможность устроить,1
чувствительный вопрос,1
важнейший чувствительный,1
так важнейший,1
семья так,1
неполная семья,1
многодетная неполная,1
молодая многодетная,1
сталкивается молодая,1
трудностями сталкивается,1
какими трудностями,1
разбираться какими,1
ситуаций разбираться,1
жизненных ситуаций,1
конкретных жизненных,1
идти конкретных,1
вопрос возможность,1
устроить ребенка,1
политику поддержки,1
ребенка ясли,1
девяноста тысяч,1
вместо девяноста,1
годы вместо,1
однако годы,1
яслях однако,1
мест яслях,1
новых мест,1
тысяч новых,1
создать тысяч,1
года создать,1
регионам конца,1
бюджета помочь,1
средства федерального,1
выделили средства,1
ясли выделили,1
семьи нужно,1
долгосрочную политику,1
устойчивый естественный,1
наш шаг,1
решения каждый,1
узковедомственного решения,1
универсального узковедомственного,1
какогото универсального,1
сфера какогото,1
это сфера,1
демография это,1
должен демография,1
рождаемости должен,1
году коэффициент,1
страны году,1
населения страны,1
численности населения,1
рост численности,1
естественный рост,1
каждый наш,1
шаг новый,1
выстраивая долгосрочную,1
новый закон,1
россии выстраивая,1
народа россии,1
приумножения народа,1
сбережения приумножения,1
приоритета сбережения,1
национального приоритета,1
высшего национального,1
зрения высшего,1
точки зрения,1
всего точки,1
оценивать прежде,1
должны оценивать,1
программу должны,1
государственную программу,1
закон государственную,1
становится больше,1
населения школьников,1
тысяч ребенка,1
стремятся двигаться,1
развития сами,1
хотят развития,1
люди хотят,1
перемены люди,1
запрос перемены,1
обозначился запрос,1
четко обозначился,1
обществе четко,1
гражданами нашем,1
диалога гражданами,1
прямого диалога,1
власти прямого,1
правительства уровней,1
управления работы,1
государственного управления,1
сами стремятся,1
двигаться вперед,1
нового качества,1
вперед профессии,1
там живут,1
менять там,1
почему менять,1
что почему,1
знают что,1
зачастую знают,1
дела зачастую,1
конкретные дела,1
ответственность конкретные,1
брать ответственность,1
готовы брать,1
благополучия готовы,1
достижении благополучия,1
знаниях достижении,1
профессии знаниях,1
качества государственного,1
требует нового,1
работают городах,1
года нам,1
самом начале,1
оглашается самом,1
впервые оглашается,1
собранию впервые,1
послание федеральному,1
россии послание,1
граждане россии,1
уважаемые граждане,1
думы уважаемые,1
уважаемые члены,1
собранию уважаемые,1
президента федеральному,1
федерации послание,1
собранию российской,1
федерации федеральному,1
начале года,1
нужно быстрее,1
реализация которых,1
быстрее откладывая,1
проектах реализация,1
национальных проектах,1
отражены национальных,1
ориентиры отражены,1
содержание ориентиры,1
страна содержание,1
стоит страна,1
которыми стоит,1
задачи которыми,1
технологические задачи,1
экономические технологические,1
социальные экономические,1
масштабные социальные,1
решать масштабные,1
откладывая решать,1
живут работают,1
городах районах,1
прирост населения,1
демографический период,1
очень сложный,1
сложный очень,1
вступили сложный,1
человек вступили,1
миллионов человек,1
жизни миллионов,1
опорой жизни,1
будут опорой,1
ценности будут,1
какие ценности,1
страны какие,1
сделают развития,1
станут сделают,1
кем станут,1
вырастут кем,1
сложный демографический,1
период особенность,1
лет какими,1
особенность том,1
естественный прирост,1
выйти естественный,1
демографии выйти,1
результатов демографии,1
положительных результатов,1
добиться положительных,1
удалось добиться,1
годов нам,1
середины годов,1
начиная середины,1
приняли начиная,1
которые приняли,1
мерам которые,1
благодаря мерам,1
том благодаря,1
какими вырастут,1
год пять,1
районах селах,1
повторю активным,1
жизни и,1
уровня жизни,1
достойного уровня,1
достижению достойного,1
результатами достижению,1
граждан результатами,1
ощутимыми граждан,1
годом ощутимыми,1
каждым годом,1
нарастать каждым,1
должны нарастать,1
изменений должны,1
темпы изменений,1
стране темпы,1
селах всей,1
и повторю,1
активным участием,1
семьях год,1
участием уважаемые,1
российских семьях,1
родится российских,1
детей родится,1
сколько детей,1
демографии зависит,1
именно демографии,1
начать именно,1
часть начать,1
содержательную часть,1
хочу содержательную,1
сколько хочу,1
историческая зависит,1
россии историческая,1
судьба россии,1
коллеги судьба,1
тысяч таких,1
таких мест,1
мест создано,1
затронет эта,1
года кого,1
го текущего,1
января го,1
причем января,1
включительно причем,1
выплаты детей,1
предусмотреть ежемесячные,1
работу связи,1
маме выйти,1
болеют маме,1
часто болеют,1
вирусами часто,1
знакомятся вирусами,1
называется знакомятся,1
возрасте называется,1
кого затронет,1
мера как,1
внукам ребятишки,1
как полагаю,1
получать такую,1
ситуацией получать,1
сложной ситуацией,1
очень сложной,1
сложной очень,1
действительно сложной,1
человека действительно,1
минимума человека,1
одного прожиточного,1
превышают одного,1
получать семьи,1
выплаты будут,1
действовать выплаты,1
должна действовать,1
полагаю должна,1
ребятишки возрасте,1
своим внукам,1
выплату достаточно,1
происходит допустить,1
собственно говоря,1
это собственно,1
ситуацию доходами,1
сложную ситуацию,1
попасть сложную,1
сразу попасть,1
семья сразу,1
значит семья,1
и значит,1
прекращаются и,1
выплаты прекращаются,1
установленные выплаты,1
года установленные,1
исполнится года,1
ребенку исполнится,1
говоря происходит,1
допустить понимаю,1
детям своим,1
понимаю что,1
своим детям,1
знаем своим,1
вами знаем,1
ребенком вами,1
уход ребенком,1
работу уход,1
совмещать работу,1
трудно совмещать,1
зачастую трудно,1
маме зачастую,1
школу маме,1
пошли школу,1
дети пошли,1
пока дети,1
что пока,1
такую выплату,1
достаточно подать,1
создано тысяч,1
следующего года,1
шаг будем,1
следующий шаг,1
сделаем следующий,1
тысячи сделаем,1
получая тысячи,1
минимума получая,1
доходят прожиточного,1
семьи доходят,1
какието семьи,1
увидим какието,1
система увидим,1
работает эта,1
оценить работает,1
понять оценить,1
будем понять,1
выплачивать следующего,1
года целиком,1
все должны,1
целиком в,1
это тысяч,1
примерно среднем,1
разные примерно,1
будут разные,1
повторяю будут,1
цифры повторяю,1
тысяч цифры,1
лишним тысяч,1
это лишним,1
пм это,1
полный пм,1
выплачивать полный,1
поразному будем,1
регионе поразному,1
в каждом,1
должны будем,1
тысячи это,1
подать заявление,1
очередей преград,1
могли оформить,1
граждан могли,1
простой граждан,1
удобной простой,1
максимально удобной,1
процедуру максимально,1
сделать процедуру,1
внимание нужно,1
доход обращаю,1
официальный доход,1
легальный официальный,1
свой легальный,1
указать свой,1
также указать,1
заявление также,1
оформить очередей,1
преград дистанционно,1
минимума тысячи,1
дистанционно соответствующий,1
половину прожиточного,1
составят половину,1
этапе составят,1
первом этапе,1
выплаты первом,1
разниться выплаты,1
могут разниться,1
доходы могут,1
сказал доходы,1
федерации сказал,1
субъекте федерации,1
каждом субъекте,1
портал каждом,1
государственный портал,1
соответствующий государственный,1
понимаете ребенку,1
это понимаете,1
думаю это,1
проблема которая,1
семьи острейшая,1
направлениям поддержки,1
всем направлениям,1
работать всем,1
должны работать,1
повторю должны,1
пробел повторю,1
наверстать пробел,1
нужно наверстать,1
сделать нужно,1
это нужно,1
менее это,1
сложно менее,1
очень сложно,1
хотя это,1
острейшая проблема,1
которая является,1
сделать все,1
является прямой,1
оценкам порядка,1
разным оценкам,1
причем разным,1
семей причем,1
граждан семей,1
части наших,1
значительной части,1
доходы значительной,1
низкие доходы,1
это низкие,1
будущему это,1
демографическому будущему,1
нашему демографическому,1
угрозой нашему,1
прямой угрозой,1
все хотя,1
прошу сделать,1
и думаю,1
готовы принять,1
такие ясли,1
значит такие,1
лицензия значит,1
образовательная лицензия,1
получена образовательная,1
просто получена,1
пор просто,1
остальные сих,1
мест остальные,1
тысячи мест,1
малышам тысячи,1
предоставлены малышам,1
могут предоставлены,1
реально могут,1
тысяч реально,1
ясли готовы,1
принять детей,1
создать прошу,1
детей уважаемые,1
работать году,1
половина работать,1
виду половина,1
режиме имею,1
полноценном режиме,1
тысячи полноценном,1
создали тысячи,1
значит создали,1
чего это,1
работать чего,1
коллеги работать,1
мои коллеги,1
дорогие мои,1
федерации дорогие,1
уважаемые главы,1
порядка процентов,1
процентов семей,1
семей низкими,1
поддержке федерального,1
региона кроме,1
зависит региона,1
это зависит,1
сказать среднем,1
месяц хочу,1
одного ребенка,1
рублей одного,1
одиннадцати тысяч,1
это одиннадцати,1
стране это,1
среднем стране,1
регионе среднем,1
конкретном регионе,1
ребенка конкретном,1
минимума ребенка,1
того поддержке,1
бюджета начались,1
это именно,1
начались выплаты,1
подумал и,1
поддержка подумал,1
существенная поддержка,1
это существенная,1
востока это,1
дальнего востока,1
сибири дальнего,1
урала сибири,1
регионы урала,1
включая регионы,1
федерации включая,1
детей субъектах,1
последующих детей,1
третьего последующих,1
выплаты третьего,1
зависит прожиточного,1
выплаты зависит,1
размер выплаты,1
трех размер,1
какие решения,1
скромный какие,1
очень скромный,1
семьи очень,1
доход семьи,1
родителя доход,1
оба родителя,1
один оба,1
работает один,1
часто работает,1
знаете часто,1
это знаете,1
детьми это,1
семьи детьми,1
именно семьи,1
решения приняли,1
приняли января,1
января текущего,1
первых вторых,1
прежде трех,1
лет прежде,1
полутора лет,1
причем полутора,1
детей причем,1
вторых детей,1
выплаты первых,1
года семьи,1
получать ежемесячные,1
человека будут,1
минимумов человека,1
прожиточных минимумов,1
двух прожиточных,1
превышают двух,1
отцовства семья,1
это крепкая,1
крепкая связь,1
малых городах,1
селах поселках,1
особенно селах,1
фельдшеров особенно,1
врачей фельдшеров,1
проблем врачей,1
жилищных проблем,1
решением жилищных,1
заняться решением,1
вплотную заняться,1
резервы вплотную,1
найти резервы,1
федерации найти,1
субъекты федерации,1
прошу субъекты,1
очередь прошу,1
поселках малых,1
городах использовать,1
федеральные ресурсы,1
использовать механизмы,1
году уровни,1
здравоохранения году,1
ключевой здравоохранения,1
кадров ключевой,1
привлечения кадров,1
подготовки привлечения,1
вопрос подготовки,1
строительства вопрос,1
жилищного строительства,1
индивидуального жилищного,1
поддержку индивидуального,1
жилье поддержку,1
служебное жилье,1
числе служебное,1
механизмы числе,1
ресурсы очередь,1
это федеральные,1
обеспечены специалистами,1
отремонтировать оборудовать,1
здравоохранения предстоит,1
звена здравоохранения,1
первичного звена,1
модернизации первичного,1
программа модернизации,1
запущена программа,1
июля запущена,1
также июля,1
фапов также,1
ремонта фапов,1
строительства ремонта,1
оснащения строительства,1
ход оснащения,1
контроль ход,1
взять контроль,1
предстоит отремонтировать,1
оборудовать новой,1
процентов это,1
новой техникой,1
рублей процентов,1
выделили миллиардов,1
дополнительно выделили,1
задач дополнительно,1
этих задач,1
решение этих,1
страны решение,1
регионах страны,1
помощи регионах,1
скорой помощи,1
станции скорой,1
больницы станции,1
районные больницы,1
поликлиники районные,1
техникой поликлиники,1
уровни должны,1
специалистами приоритетном,1
народный фронт,1
причем поступлении,1
стопроцентное целевое,1
установить стопроцентное,1
направлениям установить,1
дефицитным направлениям,1
самым дефицитным,1
предлагаю самым,1
ординатуры предлагаю,1
касается ординатуры,1
люди касается,1
ждут люди,1
помощи ждут,1
туда помощи,1
именно туда,1
работу именно,1
приходили работу,1
обучение причем,1
поступлении преимущество,1
выпускникам специалисты,1
преимущество будут,1
наконец договаривались,1
центров наконец,1
медицинских центров,1
федеральных медицинских,1
предусмотреть федеральных,1
обучение предусмотреть,1
естественно целевое,1
селе естественно,1
особенно селе,1
звене особенно,1
работы первичном,1
стажем работы,1
врачи стажем,1
иметь врачи,1
будут иметь,1
специалисты приходили,1
будущим выпускникам,1
порядке первичное,1
мест станут,1
дело процентов,1
лечебное дело,1
специальности лечебное,1
специальностям специальности,1
медицинским специальностям,1
вузы медицинским,1
приема вузы,1
порядок приема,1
существенно изменить,1
году существенно,1
учебном году,1
новом учебном,1
предлагаю новом,1
звено связи,1
первичное звено,1
процентов бюджетных,1
станут целевыми,1
трудоустройства будущим,1
целевыми специальности,1
гарантию трудоустройства,1
предоставить гарантию,1
должны предоставить,1
очередь должны,1
федерации очередь,1
регионов российской,1
заявкам регионов,1
формироваться заявкам,1
будут формироваться,1
прием будут,1
целевой прием,1
квоты целевой,1
процентов квоты,1
педиатрия процентов,1
специальности педиатрия,1
фронт взять,1
общероссийский народный,1
лучше ряде,1
вынужден ехать,1
человека который,1
показателям человека,1
цифрам показателям,1
же цифрам,1
судят же,1
люди судят,1
здравоохранении люди,1
повторю здравоохранении,1
результатов однако,1
добиваться результатов,1
способны добиваться,1
цели способны,1
определенные цели,1
собой определенные,1
ставим собой,1
который вынужден,1
ехать десятки,1
здравоохранения показывает,1
десятки километров,1
выросла средняя,1
насколько выросла,1
интересует насколько,1
мало интересует,1
специалиста мало,1
узкого специалиста,1
приема узкого,1
ждать приема,1
неделями ждать,1
очереди неделями,1
день очереди,1
целый день,1
тратить целый,1
поликлинику тратить,1
километров поликлинику,1
показывает ставим,1
сфере здравоохранения,1
продолжительность стране,1
здравоохранения многие,1
национальных систем,1
своих национальных,1
состояние своих,1
оценивает состояние,1
критически оценивает,1
весьма критически,1
государствах весьма,1
развитых государствах,1
многих развитых,1
общество многих,1
том общество,1
осведомлен том,1
прекрасно осведомлен,1
стран прекрасно,1
европейских стран,1
систем здравоохранения,1
многие знаете,1
сделать сфере,1
знаете вообще,1
удалось сделать,1
то нам,1
менее то,1
выстроенной менее,1
нас выстроенной,1
отсюда нас,1
смотрелась отсюда,1
здравоохранения смотрелась,1
систему здравоохранения,1
критикуют систему,1
граждане критикуют,1
стране граждане,1
почти каждой,1
стране почти,1
вообще каждой,1
средняя продолжительность,1
стране думает,1
прошу общероссийский,1
направления сходу,1
выписывать справки,1
том выписывать,1
работы том,1
смысл работы,1
подчеркнуть смысл,1
решены хочу,1
фапами решены,1
проблемы фапами,1
значит проблемы,1
пунктов это,1
фельдшерскоакушерских пунктов,1
сети фельдшерскоакушерских,1
развертывание сети,1
завершить развертывание,1
проекте завершить,1
справки направления,1
сходу спроваживать,1
профильном национальном,1
спроваживать людей,1
интернет прошу,1
скоростной интернет,1
оборудование скоростной,1
современное оборудование,1
использовать современное,1
людям использовать,1
помощь людям,1
реальную помощь,1
оказывать реальную,1
возможность оказывать,1
должна возможность,1
местах должна,1
специалистов местах,1
райцентры специалистов,1
людей райцентры,1
национальном проекте,1
предусмотрено профильном,1
думает своей,1
нужно сконцентрировать,1
помощь поэтому,1
медицинскую помощь,1
своевременную медицинскую,1
качественную своевременную,1
получить качественную,1
препятствий получить,1
всяких препятствий,1
безо всяких,1
том безо,1
здоровье том,1
своем здоровье,1
понятно своем,1
это понятно,1
жизни это,1
своей жизни,1
поэтому нам,1
сконцентрировать усилия,1
объеме предусмотрено,1
усилия первичном,1
должны полном,1
проблем году,1
людей проблем,1
чувствительных людей,1
сложных чувствительных,1
всего сложных,1
именно всего,1
семья именно,1
каждая семья,1
человек каждая,1
каждый человек,1
соприкасается каждый,1
которым соприкасается,1
здравоохранения которым,1
звене здравоохранения,1
договаривались года,1
года начнет,1
начнет поэтапно,1
потрясениями сталкиваются,1
какими проблемами,1
видим какими,1
людьми видим,1
обязательств людьми,1
социальных обязательств,1
выполнением социальных,1
стране выполнением,1
нашей стране,1
человека нашей,1
жизнью каждого,1
связаны жизнью,1
прямо связаны,1
подчеркнуть прямо,1
прямо хочу,1
показателях прямо,1
проблемами потрясениями,1
сталкиваются граждане,1
абстрактных отвлеченных,1
граждане тех,1
ценовая стабилизация,1
стала ценовая,1
россии стала,1
правительства банка,1
последовательной работы,1
результатом последовательной,1
зыбким результатом,1
оказался зыбким,1
фундамент оказался,1
было фундамент,1
безопасности было,1
подушки безопасности,1
подобной подушки,1
государств подобной,1
тех государств,1
отвлеченных показателях,1
какихто абстрактных,1
итогам прошлого,1
усилия укреплении,1
годы сосредоточили,1
коллеги последние,1
сетях уважаемые,1
аптечных сетях,1
числе аптечных,1
лекарств числе,1
обращения лекарств,1
этапах обращения,1
фармпредприятиях этапах,1
усилен фармпредприятиях,1
препаратов усилен,1
лекарственных препаратов,1
качества лекарственных,1
контроль качества,1
изменится контроль,1
сосредоточили усилия,1
укреплении макроэкономической,1
говорю какихто,1
макроэкономической устойчивости,1
долг говорю,1
внешний долг,1
совокупный внешний,1
покрывают совокупный,1
уверенно покрывают,1
резервы уверенно,1
государственные резервы,1
наши государственные,1
профицитным наши,1
стал профицитным,1
вновь стал,1
бюджет вновь,1
федеральный бюджет,1
упоминал федеральный,1
устойчивости упоминал,1
стабилизация итогам,1
года инфляция,1
поэтапно внедряться,1
граждан вновь,1
реальных доходов,1
повышения реальных,1
существенного повышения,1
условия существенного,1
создать условия,1
фундамент нужно,1
макроэкономический фундамент,1
устойчивый макроэкономический,1
опираясь устойчивый,1
сейчас опираясь,1
сферы сейчас,1
бюджетной сферы,1
работников бюджетной,1
пенсионеров работников,1
доходы пенсионеров,1
доходов граждан,1
вновь подчеркну,1
получал фиксированные,1
подчеркну это,1
году темпы,1
эффективности году,1
увеличение эффективности,1
экономики увеличение,1
национальной экономики,1
изменения национальной,1
структурные изменения,1
необходимы структурные,1
решения необходимы,1
банка решения,1
центрального банка,1
правительства центрального,1
задача правительства,1
важнейшая задача,1
это важнейшая,1
фиксированные доходы,1
тех получал,1
инфляция составила,1
повторю инфляция,1
больше общем,1
выросли больше,1
цены выросли,1
услуги цены,1
товары услуги,1
отдельные товары,1
да отдельные,1
процента да,1
четыре процента,1
ориентира четыре,1
года послание,1
ниже установленного,1
это ниже,1
процента это,1
составила процента,1
общем повторю,1
инфляция находится,1
тяжелым тех,1
находится предсказуемо,1
особенно тяжелым,1
страны особенно,1
налогом граждан,1
фактически налогом,1
инфляция фактически,1
двузначная инфляция,1
назад двузначная,1
лет назад,1
той пять,1
отличается той,1
принципиально отличается,1
ситуация принципиально,1
уровне ситуация,1
низком уровне,1
предсказуемо низком,1
существенно изменится,1
достать существенно,1
легально достать,1
годы коем,1
которого достигли,1
преимущество которого,1
наше преимущество,1
это наше,1
устойчивости это,1
бюджетной устойчивости,1
сохранении бюджетной,1
развития сохранении,1
нашего развития,1
приоритетов нашего,1
определению приоритетов,1
вернуться определению,1
правительство вернуться,1
связи прошу,1
деньги связи,1
достигли последние,1
случае потерять,1
это большие,1
потерять знаю,1
рассуждать так,1
позволяли рассуждать,1
чиновники позволяли,1
некоторые чиновники,1
сорванными некоторые,1
фактически сорванными,1
оказались фактически,1
закупки оказались,1
лекарств закупки,1
поставками лекарств,1
перебои поставками,1
регионов перебои,1
ряде регионов,1
году ряде,1
знаю прошлом,1
большие деньги,1
пункту это,1
невозможно легально,1
единым всей,1
заработной плате,1
окладов заработной,1
доли окладов,1
фиксированной доли,1
установлением фиксированной,1
правилах установлением,1
понятных правилах,1
справедливых понятных,1
прозрачных справедливых,1
основанная прозрачных,1
здравоохранении основанная,1
труда здравоохранении,1
система оплаты,1
новая система,1
внедряться новая,1
плате единым,1
всей страны,1
каждому пункту,1
страны перечнем,1
начал каждому,1
тому начал,1
вернетесь тому,1
ресурсов вернетесь,1
значительных ресурсов,1
требует значительных,1
целей требует,1
заявленных целей,1
реализация заявленных,1
понимаю реализация,1
надбавок понимаю,1
стимулирующих надбавок,1
выплат стимулирующих,1
компенсационных выплат,1
перечнем компенсационных,1
так речь,1
речь шла,1
шла закупке,1
имеют официального,1
которые пока,1
препараты которые,1
специальные препараты,1
отдельные специальные,1
россию отдельные,1
ввозить россию,1
централизованно ввозить,1
официально централизованно,1
позволят официально,1
которые позволят,1
решения которые,1
законодательные решения,1
приняты законодательные,1
также приняты,1
было также,1
пока имеют,1
официального разрешения,1
закупке канцтоваров,1
разрешения прошу,1
лекарства невозможно,1
нужные лекарства,1
ситуации нужные,1
безвыходной ситуации,1
оказывались безвыходной,1
детей оказывались,1
больных детей,1
родители больных,1
особенно родители,1
люди особенно,1
работу люди,1
отладить работу,1
сроки отладить,1
кратчайшие сроки,1
правительство кратчайшие,1
путаницы было,1
льготе путаницы,1
региональной льготе,1
федеральной региональной,1
такие ситуации,1
внимание такие,1
лекарств обращаю,1
необходимых лекарств,1
жизненно необходимых,1
подчас жизненно,1
важных подчас,1
крайне важных,1
оставались крайне,1
людито оставались,1
конкурсы людито,1
новые конкурсы,1
объявим новые,1
беда объявим,1
канцтоваров беда,1
ситуации должны,1
должны повторяться,1
повторяться текущем,1
препаратов которые,1
скидкой федеральной,1
большой скидкой,1
бесплатно большой,1
человеку бесплатно,1
предоставляются человеку,1
которые предоставляются,1
получателей препаратов,1
текущем году,1
регистр получателей,1
сквозной регистр,1
единый сквозной,1
заработать единый,1
должен заработать,1
году должен,1
ряде европейских,1
показатель лучше,1
связь нескольких,1
современными должны,1
центров такими,1
кружков центров,1
инженерных кружков,1
технических инженерных,1
детских технических,1
сеть детских,1
развивается сеть,1
динамично развивается,1
ребенка динамично,1
каждого ребенка,1
способностей каждого,1
раскрытие способностей,1
направленные раскрытие,1
обучению направленные,1
подходы обучению,1
такими современными,1
стать условия,1
внедрять индивидуальные,1
условия занятий,1
инструменты детских,1
музыкальные инструменты,1
оборудование музыкальные,1
рублей оборудование,1
выделяется миллиардов,1
культура выделяется,1
проекта культура,1
национального проекта,1
рамках национального,1
творчества рамках,1
видами творчества,1
другими видами,1
живописью другими,1
музыкой живописью,1
занятий музыкой,1
индивидуальные подходы,1
программам внедрять,1
школ искусств,1
получить просто,1
подключены интернету,1
россии подключены,1
школы россии,1
практически школы,1
детей практически,1
обучения детей,1
интересах обучения,1
технологий интересах,1
современных технологий,1
возможности современных,1
целей возможности,1
этих целей,1
инфраструктуру этих,1
другую инфраструктуру,1
образовательную другую,1
интернету году,1
просто доступ,1
образовательным программам,1
доступ сеть,1
передовым образовательным,1
учеников передовым,1
педагогов учеников,1
доступ педагогов,1
обеспечить доступ,1
школы обеспечить,1
отечественной школы,1
трансформации отечественной,1
цифровой трансформации,1
приступить цифровой,1
объеме приступить,1
позволит полном,1
интернет позволит,1
высокоскоростной интернет,1
сеть высокоскоростной,1
детских школ,1
искусств проблема,1
эффективно использовать,1
такая постоянная,1
классные руководители,1
ученикам классные,1
всего ученикам,1
ближе всего,1
образования ближе,1
профессионального образования,1
дополнительного профессионального,1
общего дополнительного,1
сфере общего,1
перспективе сфере,1
страны перспективе,1
педагогов страны,1
половины педагогов,1
менее половины,1
охватить менее,1
руководители такая,1
постоянная каждодневная,1
роста должна,1
каждодневная работа,1
особой поддержки,1
наставников особой,1
подготовки наставников,1
особой подготовки,1
требует особой,1
конечно требует,1
она конечно,1
ответственность она,1
огромная ответственность,1
это огромная,1
детей это,1
воспитанием детей,1
обучением воспитанием,1
связанная обучением,1
работа связанная,1
должна охватить,1
профессионального роста,1
проблема гораздо,1
регионы прошу,1
привести порядок,1
регионам привести,1
правительство помочь,1
занятий прошу,1
непригодны занятий,1
просто непригодны,1
обветшали просто,1
заведения обветшали,1
учебные заведения,1
такие учебные,1
размещены такие,1
помещений размещены,1
тысячи помещений,1
шире тысячи,1
гораздо шире,1
порядок регионы,1
прошу забывать,1
система профессионального,1
забывать это,1
национальная система,1
десятилетия национальная,1
престиж середине,1
общественный престиж,1
статус общественный,1
высокий статус,1
учитель высокий,1
современный учитель,1
это современный,1
школа это,1
современная школа,1
далее современная,1
обязанность далее,1
ваша обязанность,1
это ваша,1
использовать образовательную,1
школы эффективно,1
минимума показатель,1
xxi веке,1
судьбу россии,1
определять судьбу,1
изменений определять,1
общественных изменений,1
технологических общественных,1
колоссальных технологических,1
эпоху колоссальных,1
жить эпоху,1
предстоит жить,1
которым предстоит,1
поколениям которым,1
будущему поколениям,1
обращение будущему,1
это обращение,1
ценностей это,1
россии xxi,1
веке могли,1
поддержка семьи,1
могли участвовать,1
ребенок жил,1
каждый ребенок,1
том каждый,1
идет том,1
всего речь,1
условия прежде,1
сформировать условия,1
должны сформировать,1
потенциал должны,1
свой потенциал,1
раскрыли свой,1
мере раскрыли,1
будущего полной,1
создании будущего,1
участвовать создании,1
семьи ценностей,1
коллеги поддержка,1
мог получить,1
естественной нравственной,1
это станет,1
поколений это,1
подрастающих поколений,1
надежности подрастающих,1
защищенности надежности,1
уверенности защищенности,1
чувство уверенности,1
дают чувство,1
объединяют дают,1
детях объединяют,1
забота детях,1
старшим забота,1
уважение старшим,1
поколений уважение,1
нескольких поколений,1
станет естественной,1
нравственной нормой,1
страны уважаемые,1
нормой неотъемлемой,1
успешной страны,1
большой успешной,1
россии большой,1
развитие россии,1
гарантировать развитие,1
задачу гарантировать,1
историческую задачу,1
решить историческую,1
сможем решить,1
действительно сможем,1
жизни действительно,1
взрослой жизни,1
оплотом взрослой,1
частью оплотом,1
неотъемлемой частью,1
жил мог,1
получить хорошее,1
строить школы,1
других факторов,1
учетом демографического,1
регионами учетом,1
совместно регионами,1
правительство совместно,1
обучения прошу,1
качестве обучения,1
комфорте качестве,1
сказываться комфорте,1
должна сказываться,1
ситуация должна,1
такая ситуация,1
вместе такая,1
детей вместе,1
вновь детей,1
школах вновь,1
демографического других,1
факторов определить,1
замечательно наших,1
определить сколько,1
решения строить,1
гибкие решения,1
искать гибкие,1
нужно искать,1
образование нужно,1
проект образование,1
национальный проект,1
изменения национальный,1
необходимые изменения,1
внести необходимые,1
мест внести,1
школьных мест,1
дополнительных школьных,1
необходимо дополнительных,1
сколько необходимо,1
наших школах,1
ожидания замечательно,1
хорошее образование,1
большие ресурсы,1
трудно выделять,1
демографии трудно,1
процессы демографии,1
объективные процессы,1
повлиять объективные,1
полагают повлиять,1
некоторые полагают,1
году некоторые,1
миллионов больше,1
школьников миллионов,1
миллионов школьников,1
около миллионов,1
россии около,1
десятилетия россии,1
образование середине,1
выделять большие,1
ресурсы демографическое,1
наши ожидания,1
демографическое развитие,1
смелые наши,1
самые смелые,1
превосходит самые,1
результат превосходит,1
работают результат,1
семей работают,1
именно меры,1
обратного именно,1
доказательство обратного,1
прямое доказательство,1
видим прямое,1
практике видим,1
однако практике,1
нецелесообразно однако,1
развитие нецелесообразно,1
поддержки связи,1
необходимым сентября,1
сентября ввести,1
студентам второго,1
дать возможность,1
нужно дать,1
считаю нужно,1
запросы считаю,1
реагировать запросы,1
быстро реагировать,1
гибко быстро,1
должна гибко,1
школа должна,1
высшая школа,1
существующим высшая,1
требования существующим,1
усложняются требования,1
профессии усложняются,1
новые профессии,1
возможность студентам,1
второго курса,1
постоянно появляются,1
курса выбирать,1
талантливые достойные,1
сделать талантливые,1
это сделать,1
нужно это,1
наладить нужно,1
просто наладить,1
это просто,1
профессии это,1
смежные профессии,1
включая смежные,1
обучения включая,1
программу обучения,1
направление программу,1
новое направление,1
выбирать новое,1
появляются новые,1
меняется постоянно,1
люди играли,1
повышения квалификации,1
постоянной подготовки,1
системы постоянной,1
инфраструктуры системы,1
социальной инфраструктуры,1
исследовательской социальной,1
учебной исследовательской,1
укрепление учебной,1
включая укрепление,1
регионах включая,1
вузов регионах,1
университетов вузов,1
развитием университетов,1
заняться развитием,1
работодателей заняться,1
бизнеса работодателей,1
подготовки повышения,1
квалификации преподавателей,1
динамично меняется,1
преподавателей региональных,1
труда динамично,1
рынок труда,1
родине рынок,1
малой родине,1
своей малой,1
карьеру своей,1
успешную карьеру,1
начать успешную,1
знания начать,1
современные знания,1
получать современные,1
могли получать,1
студенты могли,1
вузов студенты,1
региональных вузов,1
достойные люди,1
играли значимую,1
ввести специальную,1
программам специализированной,1
здравоохранения особенности,1
системе здравоохранения,1
всей системе,1
принадлежит всей,1
вклад принадлежит,1
значимый вклад,1
конечно значимый,1
жизни конечно,1
образа жизни,1
здорового образа,1
ценностей здорового,1
продвижения ценностей,1
спорта продвижения,1
массового спорта,1
развития массового,1
особенности программам,1
специализированной числе,1
изменений стране,1
числе высокотехнологичной,1
исторического минимума,1
достиг исторического,1
россии достиг,1
смертности россии,1
младенческой смертности,1
уровень младенческой,1
здоровья уровень,1
детского здоровья,1
материнского детского,1
детства материнского,1
материнства детства,1
охране материнства,1
также охране,1
помощи также,1
высокотехнологичной помощи,1
стране развития,1
экономических изменений,1
значимую лидерскую,1
постоянно развиваться,1
олимпиад эта,1
конкурсов олимпиад,1
участниками конкурсов,1
стали участниками,1
человек стали,1
миллиона человек,1
возможностей миллиона,1
страна возможностей,1
россия страна,1
проект россия,1
запустили проект,1
развитии запустили,1
национальном развитии,1
роль национальном,1
лидерскую роль,1
система постоянно,1
развиваться дальше,1
социальных экономических,1
дальше уважаемые,1
результат социальных,1
это результат,1
году это,1
лет больше,1
восемь лет,1
года восемь,1
превысила года,1
россии превысила,1
жизни россии,1
продолжительность жизни,1
ожидаемая продолжительность,1
истории ожидаемая,1
впервые истории,1
году впервые,1
коллеги прошлом,1
участием бизнеса,1
серьезно участием,1
приема серьезно,1
параметры уровню,1
внимание том,1
заострял внимание,1
жизни заострял,1
практике жизни,1
происходит практике,1
посмотрю происходит,1
обязательно посмотрю,1
внимание обязательно,1
это ваше,1
обращаю это,1
коллеги обращаю,1
сохранены уважаемые,1
должны сохранены,1
руководство должны,1
классное руководство,1
том параметры,1
уровню зарплат,1
региональные выплаты,1
зарплат учителей,1
теме случайно,1
обращаюсь теме,1
постоянно обращаюсь,1
то постоянно,1
соблюдаться то,1
строго соблюдаться,1
должны строго,1
года должны,1
указах года,1
майских указах,1
заданные майских,1
целом заданные,1
бюджетников целом,1
врачей бюджетников,1
учителей врачей,1
выплаты классное,1
действующие региональные,1
цифры приема,1
понимают всетаки,1
присутствующие зале,1
регионов присутствующие,1
обязанность регионов,1
это обязанность,1
споров это,1
бюджета споров,1
средств федерального,1
счет средств,1
рублей счет,1
пяти тысяч,1
размере менее,1
руководителям размере,1
классным руководителям,1
доплату классным,1
специальную доплату,1
это понимают,1
всетаки такое,1
внимание действующие,1
такое классный,1
это внимание,1
обратить это,1
хочу обратить,1
разумеется хочу,1
собой разумеется,1
само собой,1
но само,1
функция но,1
федеральная функция,1
всетаки федеральная,1
это всетаки,1
воспитатель это,1
это воспитатель,1
руководитель это,1
классный руководитель,1
случайно держать,1
держать вопрос,1
вопрос контроле,1
важно приоритетном,1
скажу дальше,1
то скажу,1
и то,1
причем и,1
вузах причем,1
мест вузах,1
количество бюджетных,1
увеличивать количество,1
ежегодно увеличивать,1
предлагаю ежегодно,1
образования связи,1
высшего образования,1
очного высшего,1
бесплатного очного,1
доступность бесплатного,1
дальше чрезвычайно,1
порядке отдавать,1
контроле то,1
отдавать места,1
увеличивать цифры,1
просто увеличивать,1
необходимо просто,1
естественно необходимо,1
инженеров естественно,1
педагогов инженеров,1
врачей педагогов,1
хватает врачей,1
территории хватает,1
те территории,1
именно те,1
вузы именно,1
региональные вузы,1
именно региональные,1
места именно,1
справедливую доступность,1
равную справедливую,1
сохранить равную,1
важно сохранить,1
которые работают,1
специалистах которые,1
людях специалистах,1
идет людях,1
подчеркну речь,1
делать подчеркну,1
темы делать,1
съехать темы,1
соблазн съехать,1
появляется соблазн,1
знают появляется,1
это знают,1
сидящие зале,1
многие сидящие,1
то многие,1
работают важнейших,1
важнейших общества,1
общества страны,1
годы число,1
нам важно,1
учетом нам,1
расти учетом,1
школ расти,1
выпускников школ,1
число выпускников,1
ближайшие годы,1
страны сферах,1
справедливо ближайшие,1
достойно справедливо,1
оплачиваться достойно,1
должен оплачиваться,1
труд должен,1
сферах труд,1
кремль января,1
