word,frequency
это,77
должны,36
россии,34
страны,30
года,26
федерации,25
нужно,24
граждан,22
году,21
уважаемые,21
коллеги,20
которые,19
считаю,19
семьи,16
связи,16
конституции,16
также,15
предлагаю,14
прошу,14
людей,14
сделать,14
именно,13
детей,13
ребенка,13
развития,13
жизни,13
хочу,12
тех,12
правительства,12
всего,12
россия,11
причем,11
нам,11
значит,11
власти,11
лет,10
рублей,10
создать,10
государственной,10
время,10
наших,10
регионов,10
решения,10
могут,10
поддержки,9
внимание,9
очень,9
должен,9
тысяч,9
ответственность,9
нашей,9
российской,9
будут,9
выплаты,9
менее,8
просто,8
стране,8
семья,8
всей,8
прежде,8
вопрос,8
человека,8
люди,8
процентов,8
общества,8
правительство,8
числе,8
систему,8
работу,8
семей,7
случае,7
доходы,7
подчеркнуть,7
безусловно,7
повторю,7
право,7
получить,7
государства,7
обеспечить,7
роль,7
мест,7
такие,7
закрепить,7
здравоохранения,7
должна,7
необходимым,7
работы,7
территории,7
возможность,7
включая,6
нашего,6
особенно,6
минимума,6
возможности,6
целом,6
своей,6
второго,6
каждого,6
решение,6
происходит,6
изменения,6
федерального,6
должно,6
поэтому,6
сфере,6
развитие,6
условия,6
стать,6
вместе,6
десятилетия,6
января,6
страна,6
президента,6
мире,6
который,5
требования,5
председателя,5
требует,5
предстоит,5
тысячи,5
наша,5
которых,5
федеральных,5
прямо,5
некоторые,5
государство,5
изменений,5
хотел,5
социальной,5
думы,5
проекты,5
эта,5
качества,5
детьми,5
постоянно,5
часто,5
такая,5
мало,5
однако,5
системы,5
доходами,5
знаете,5
подчеркну,5
важно,5
обращаю,5
система,5
рождении,5
прожиточного,5
бизнеса,5
получать,5
федеральному,5
закон,5
регионах,5
годы,5
поддержать,5
задачи,5
сказал,5
необходимо,5
регионы,5
региональные,4
национального,4
взять,4
последние,4
поколений,4
народа,4
середине,4
регионе,4
конституционного,4
своих,4
права,4
отечественной,4
положение,4
трех,4
помощь,4
школы,4
объеме,4
оставаться,4
каждый,4
проблем,4
убежден,4
впервые,4
результат,4
программу,4
бюджета,4
обязательно,4
начать,4
смысл,4
новые,4
шаг,4
субъектах,4
граждане,4
совета,4
собой,4
будем,4
социального,4
процента,4
зале,4
инфраструктуру,4
могли,4
далее,4
наши,4
находится,4
руководители,4
ресурсы,4
зависит,4
человек,4
контракта,4
работать,4
меры,4
помощи,4
социальные,4
какими,4
интернет,4
проект,4
пять,4
имею,4
виду,4
поддержку,4
свой,4
цели,4
социальных,4
речь,4
доходов,4
современных,4
предусмотреть,4
учетом,4
инвестиций,4
повышения,4
потенциал,4
органов,4
идет,4
главное,4
собранию,4
задач,4
действительно,4
число,4
вновь,4
школах,4
вклад,3
вперед,3
нами,3
очередь,3
части,3
чьи,3
обязаны,3
оценкам,3
направлениям,3
будущему,3
нашему,3
труда,3
внедрять,3
проектов,3
основной,3
которыми,3
которой,3
текущего,3
ряд,3
сентября,3
доход,3
механизм,3
демографии,3
размер,3
каждом,3
средств,3
подготовки,3
работа,3
образования,3
должности,3
обеспечения,3
роста,3
реализация,3
практике,3
видим,3
независимость,3
порядок,3
ситуация,3
обществе,3
должность,3
обучения,3
экономику,3
судей,3
других,3
внести,3
педагогов,3
означает,3
доступ,3
практически,3
интересах,3
использовать,3
государственного,3
каждой,3
рамках,3
возрасте,3
среднем,3
нашем,3
одного,3
приема,3
работе,3
кардинально,3
поддержка,3
общество,3
думаю,3
скажу,3
которым,3
сразу,3
профессии,3
поправок,3
сферах,3
технологических,3
общественных,3
пока,3
многие,3
россией,3
школу,3
будущего,3
врачей,3
своим,3
детям,3
принципы,3
деятельности,3
согласен,3
молодых,3
счет,3
дополнительные,3
наступающего,3
ребенок,3
становится,3
школьников,3
уверен,3
населения,3
национальные,3
выйти,3
президент,3
работают,3
наш,3
угрозы,3
безопасности,3
международного,3
банка,3
итогам,3
ситуации,3
консультаций,3
знаю,3
резервы,3
обязанность,3
стал,3
большие,3
министров,3
условиях,3
уважения,3
уровня,3
объединений,3
многих,3
фактически,3
увеличивать,3
лекарств,3
представлению,3
великой,3
войны,3
образом,3
дальнейшем,3
новой,3
демографического,3
ускорить,3
двумя,3
свои,3
капитал,3
материнский,3
самых,3
политику,3
инфляция,3
идти,3
новых,3
аплодисменты,3
федеральные,3
регионального,3
миллионов,3
сколько,3
здравоохранении,3
ценности,3
пор,3
большую,3
основе,3
центров,3
этих,3
экономики,3
наладить,3
главы,3
часть,3
субъектов,3
десять,3
ввп,3
создали,3
послание,3
проблемы,3
законодательства,3
период,3
кредита,3
ответственности,3
такого,3
значение,3
приняли,3
программа,3
сталкивается,3
контроль,3
декабря,3
средства,3
помочь,3
регионам,3
уровне,3
материнского,3
людям,3
ветвями,2
можем,2
самые,2
появляется,2
предложения,2
прямое,2
полномочий,2
востоке,2
соответствующих,2
сформировать,2
территорий,2
политической,2
исполнительной,2
технологии,2
срок,2
запущена,2
обществу,2
полагают,2
напомню,2
образование,2
парламентом,2
сделает,2
ограничения,2
думе,2
вредных,2
эффективно,2
планов,2
родители,2
материнства,2
сектора,2
дали,2
реального,2
шаги,2
чрезвычайно,2
бесплатное,2
горячее,2
питание,2
достойной,2
местного,2
старшим,2
формирование,2
мер,2
оборудовать,2
обеспечены,2
экономике,2
интересы,2
называемые,2
переходить,2
мониторинга,2
воздуха,2
времени,2
советского,2
чувствовать,2
выбросов,2
мере,2
затем,2
расходы,2
кандидатуры,2
полной,2
бесплатным,2
горячим,2
взаимодействие,2
питанием,2
xxi,2
учеников,2
определять,2
союза,2
полномочия,2
поколениям,2
законе,2
общем,2
самого,2
ценностей,2
назначение,2
говорят,2
большой,2
пятое,2
справедливо,2
решить,2
сможем,2
нормой,2
логика,2
кабинета,2
обсуждение,2
целей,2
изменить,2
специальности,2
дело,2
строительстве,2
буквально,2
касается,2
мира,2
самым,2
установить,2
значимых,2
целевое,2
обучение,2
преимущество,2
крупных,2
иметь,2
историю,2
оплаты,2
всему,2
нашим,2
законопроектов,2
иначе,2
защитить,2
гарантии,2
существенно,2
понятно,2
основных,2
усилия,2
первичном,2
звене,2
своевременно,2
каждая,2
стандарты,2
сложных,2
малого,2
завершить,2
сети,2
международных,2
крупные,2
местах,2
закона,2
современное,2
политические,2
строительства,2
наций,2
волю,2
механизмы,2
стабильного,2
единство,2
пакета,2
принятие,2
деньги,2
государственные,2
долг,2
говорю,2
отечественного,2
требование,2
внутри,2
фундамент,2
ниже,2
обновление,2
возможным,2
той,2
назад,2
идеи,2
сферы,2
реальных,2
инвестиционный,2
задача,2
национальной,2
выше,2
мировых,2
запустить,2
разрешения,2
отдельные,2
технологического,2
самый,2
бюджетной,2
устойчивости,2
наше,2
второй,2
которого,2
коем,2
налоговые,2
потерять,2
первое,2
войне,2
россию,2
победы,2
рассмотрение,2
традиций,2
разных,2
движение,2
препаратов,2
человеку,2
участия,2
широкое,2
всяких,2
основу,2
технологий,2
огромная,2
особой,2
следующее,2
пяти,2
безопасность,2
всетаки,2
такое,2
само,2
разумеется,2
руководство,2
безусловным,2
устойчивость,2
обращаюсь,2
суверенитет,2
достоинство,2
людях,2
гарантируют,2
труд,2
конституционных,2
доступность,2
бюджетных,2
дальше,2
национальную,2
прав,2
способны,2
лицам,2
сеть,2
полном,2
программам,2
подходы,2
другом,2
динамично,2
детских,2
занятий,2
творчества,2
миллиардов,2
оборудование,2
школ,2
гораздо,2
забывать,2
жительство,2
школа,2
судьи,2
статус,2
иных,2
профессионального,2
суверенитета,2
приоритетном,2
порядке,2
российского,2
вузы,2
прошлом,2
истории,2
продолжительность,2
экономических,2
конституция,2
определяет,2
системе,2
особенности,2
вопросах,2
дальнейшего,2
поправки,2
ряде,2
стран,2
сильной,2
гражданина,2
критически,2
вообще,2
общие,2
вопросов,2
позволяет,2
второе,2
называемых,2
развиваться,2
проблемам,2
инфраструктуры,2
хватает,2
естественно,2
четвертое,2
серьезно,2
заняться,2
развитием,2
вузов,2
свободы,2
исследовательской,2
сообщество,2
статью,2
несут,2
принятии,2
политических,2
несмотря,2
направление,2
миллиона,2
компания,2
национальном,2
века,2
городов,2
законом,2
темпы,2
годов,2
реализации,2
опыт,2
оценивать,2
низкими,2
новый,2
начиная,2
дела,2
работает,2
правда,2
повышение,2
бедности,2
хуже,2
снижение,2
серьезные,2
например,2
крайне,2
зачастую,2
трудно,2
эффективность,2
готовы,2
благополучия,2
выплачивать,2
вовторых,2
капитала,2
принцип,2
является,2
сами,2
примерно,2
предложил,2
знаем,2
прямой,2
поразному,2
полный,2
количество,2
цифры,2
самое,2
ваше,2
удалось,2
внедрить,2
европейских,2
собранием,2
высшего,2
парламентариев,2
маме,2
знают,2
другим,2
достижению,2
кроме,2
достойного,2
третьего,2
решению,2
подумать,2
участием,2
какие,2
программой,2
вправе,2
историческая,2
станут,2
законности,2
ответить,2
предоставлять,2
гражданам,2
законов,2
суда,2
квалификации,2
расширять,2
месяц,2
устойчивый,2
сложный,2
отношению,2
почему,2
менять,2
превышают,2
двух,2
городах,2
провести,2
вокруг,2
дети,2
мнению,2
понимаю,2
быстро,2
селах,2
прошлого,2
обязанностей,2
рост,2
ежемесячные,2
необходимости,2
проблема,2
интересами,2
действовать,2
сих,2
ежегодно,2
ситуацией,2
субъекте,2
президентом,2
таким,2
коэффициент,2
национальных,2
сложной,2
полагаю,2
рождений,2
семье,2
стоят,2
уровней,2
прямого,2
мера,2
рождаемости,2
принимать,2
этапе,2
такую,2
государственный,2
соответствующий,2
предоставляться,2
максимально,2
члены,2
депутаты,2
таких,2
ключевой,2
начале,2
быстрее,2
конца,2
ради,2
экономические,2
выделили,2
показатель,2
ясли,2
размере,2
подать,2
достаточно,2
новом,2
получит,2
год,2
силовых,2
минимум,2
детях,2
включительно,2
материнскому,2
капиталу,2
половина,2
естественный,2
федеральным,2
семи,2
недостаточно,2
делать,2
советом,2
одну,2
х,2
результатов,2
прирост,2
хотя,2
прошлому,1
интернета,1
действующего,1
студентов,1
героическому,1
преимуществом,1
огромного,1
дань,1
объединяет,1
отмечать,1
конкурентным,1
пусть,1
высокая,1
эволюции,1
правду,1
прогрессивной,1
утверждены,1
волонтеры,1
предложенные,1
воплощением,1
возрастов,1
служит,1
действующей,1
услугу,1
интернеттрафик,1
укрепляет,1
память,1
вдохновляет,1
которое,1
пространство,1
безошибочного,1
незыблемым,1
святой,1
инициатива,1
обсуждать,1
особо,1
некоммерческих,1
затрагивают,1
гордимся,1
созидательная,1
организаций,1
великий,1
принципиальным,1
стремление,1
остается,1
основ,1
поколением,1
подвиг,1
массовым,1
волонтерское,1
фундаментальных,1
значима,1
мая,1
учитывая,1
культурных,1
процедуры,1
летие,1
общения,1
праздник,1
победе,1
победителей,1
чтим,1
взаимопомощи,1
территорией,1
условие,1
ориентиром,1
обеспечению,1
обновленные,1
служат,1
выработать,1
глобальной,1
предпосылок,1
устранению,1
человечества,1
устойчивое,1
сохранение,1
особую,1
держав,1
ядерных,1
объединенных,1
скажем,1
организации,1
первый,1
основательницы,1
взгляд,1
пример,1
действий,1
представляться,1
общей,1
осознания,1
мужество,1
мудрость,1
несовместимыми,1
политическую,1
противоположные,1
казалось,1
стабильности,1
планете,1
достаточном,1
возникли,1
масштаба,1
никто,1
раньше,1
сделаны,1
укреплению,1
заверить,1
могу,1
навязывать,1
стремимся,1
угрожаем,1
никому,1
партнерами,1
заинтересованными,1
всеми,1
сотрудничества,1
укрепления,1
открыта,1
отношений,1
задумывался,1
жаль,1
аспекты,1
военные,1
свое,1
государственном,1
учитывали,1
прочную,1
проявить,1
назрел,1
живую,1
доступных,1
легко,1
мировой,1
меняющуюся,1
платить,1
фотоматериалов,1
обеспечивающую,1
кино,1
документов,1
архивных,1
сменяемость,1
комплекс,1
крупнейший,1
создан,1
факты,1
противопоставить,1
занимает,1
высокое,1
переиначить,1
попыткам,1
вранью,1
наглому,1
миру,1
расползаться,1
зараза,1
ложь,1
неотъемлемое,1
гибкую,1
гарантирующую,1
человечество,1
страныпобедительницы,1
проблемах,1
острейших,1
миропорядка,1
надежную,1
принципах,1
неуязвимую,1
разговор,1
серьезный,1
внешнему,1
сообщества,1
контуру,1
абсолютно,1
перерастать,1
стремительно,1
конфликты,1
дни,1
недели,1
стабильную,1
африке,1
северной,1
ближнем,1
события,1
развиваются,1
неуправляемо,1
непредсказуемо,1
поколениями,1
будущими,1
саму,1
главным,1
придется,1
изменим,1
переход,1
скорость,1
глобального,1
вызовы,1
океана,1
мирового,1
среды,1
третьему,1
окружающей,1
загрязнения,1
климата,1
экологии,1
десятилетию,1
прорывные,1
исторические,1
ученых,1
зарубежных,1
отечественных,1
исследования,1
совместные,1
решении,1
готова,1
значим,1
платит,1
загрязнитель,1
утилизации,1
сообща,1
рубежный,1
многократно,1
возрастает,1
слова,1
стимул,1
амбициозные,1
браться,1
наступивший,1
оборудовании,1
уникальном,1
мегасайенс,1
класса,1
многом,1
объекты,1
продолжим,1
позже,1
оборонной,1
собственные,1
прорыва,1
достичь,1
технологиях,1
цифровых,1
энергии,1
источниках,1
материалах,1
генетике,1
интеллекте,1
искусственном,1
будущее,1
определяют,1
упаковок,1
товаров,1
науку,1
импортеры,1
экологические,1
комплексные,1
созиданию,1
развитию,1
смелых,1
доступные,1
наилучшие,1
перейти,1
предприятий,1
крупнейших,1
экологического,1
полноценную,1
почвы,1
воды,1
имя,1
состоянием,1
близких,1
страну,1
распространить,1
величия,1
отработать,1
действиям,1
достоинства,1
благодарю,1
атмосферу,1
москва,1
квотировании,1
последовательное,1
воля,1
добрая,1
полигоны,1
производители,1
производителей,1
расширенной,1
называемой,1
механизма,1
применение,1
цикла,1
лучшему,1
замкнутого,1
мусора,1
сбор,1
раздельный,1
поступающих,1
сокращение,1
слово,1
отходов,1
объем,1
снизить,1
верю,1
сбоев,1
допускать,1
плану,1
разрешений,1
выдано,1
настоящему,1
успех,1
талантливых,1
безусловного,1
интернетсервисам,1
стартапов,1
крупнейшую,1
законодательной,1
судебной,1
производства,1
голосование,1
продуктов,1
программных,1
пакету,1
ракетноядерного,1
осуществлялись,1
трансформацию,1
цифровую,1
правильным,1
самой,1
инновации,1
спрос,1
предложенных,1
результатам,1
экспорт,1
высокотехнологичный,1
поддерживать,1
компаниями,1
инновационными,1
успешными,1
сильными,1
окончательное,1
команд,1
примера,1
цифрового,1
телевидения,1
касаются,1
новации,1
отечественным,1
значимым,1
социально,1
бесплатный,1
доступный,1
реализовать,1
подготовить,1
другие,1
поисковые,1
почтовые,1
мессенджеры,1
немногих,1
техническим,1
одна,1
необходимостью,1
жизненной,1
повседневной,1
швейцарии,1
австрии,1
франции,1
телевидением,1
цифровым,1
охват,1
существенных,1
параметрам,1
новаторских,1
финансовые,1
построить,1
правовые,1
стратегии,1
оборота,1
повседневных,1
городе,1
регулирование,1
внедрения,1
разработки,1
режимов,1
правовых,1
экспериментальных,1
гибкий,1
законодательного,1
поселке,1
называемого,1
сильную,1
депутатов,1
поиска,1
инновационного,1
научного,1
свободу,1
предпринимателям,1
инженерам,1
исследователям,1
моложе,1
ученый,1
благополучную,1
современную,1
выборе,1
больших,1
данных,1
определяющим,1
словом,1
преследованием,1
уголовным,1
мнение,1
носителя,1
последующим,1
главного,1
использование,1
нецелевое,1
источника,1
означала,1
автоматически,1
неудачная,1
будущем,1
риск,1
предпринимателя,1
финансирования,1
конечном,1
венчурного,1
инструментов,1
настроить,1
следует,1
счете,1
стандартов,1
лучших,1
решают,1
существования,1
гармонии,1
оружия,1
трудоспособного,1
минимальный,1
ходе,1
обязательства,1
исполняться,1
любой,1
совете,1
палатой,1
любом,1
укреплены,1
расширены,1
какойто,1
близкого,1
доморощенной,1
одном,1
прокурор,1
сквозная,1
самоуправления,1
реальные,1
верховная,1
власть,1
следящая,1
органами,1
исполнением,1
муниципальными,1
государственными,1
вне,1
эффективное,1
размера,1
учтена,1
качественное,1
основном,1
всестороннее,1
профессиональное,1
обеспечивают,1
группы,1
рабочие,1
высокую,1
показал,1
госсовет,1
прошедшее,1
участвуют,1
совет,1
возрожден,1
инициативе,1
моей,1
федеральном,1
решений,1
выработке,1
губернаторов,1
кандидатуре,1
повысить,1
прокурора,1
учитывать,1
субъекта,1
пенсий,1
индексацию,1
регулярную,1
пенсионного,1
зависимости,1
каких,1
обстоятельств,1
выстроить,1
направлены,1
давайте,1
достижение,1
равные,1
высокие,1
руководствоваться,1
этим,1
седьмое,1
ключевую,1
принципиальный,1
подряд,1
обеспечении,1
сроков,1
играет,1
занимать,1
судебная,1
лицо,1
одно,1
конституционное,1
конституционный,1
обсуждается,1
ранее,1
верховный,1
выборах,1
суды,1
момент,1
государстве,1
планы,1
проживали,1
каким,1
предусмотренные,1
публичной,1
единой,1
характера,1
целостности,1
большая,1
угрозу,1
прямую,1
несет,1
несправедливо,1
обеспечиваются,1
муниципалитетах,1
законодательством,1
сказывается,1
образовании,1
прокуратуры,1
отрицательно,1
местных,1
властей,1
запутанность,1
разделенность,1
уровнями,1
муниципальным,1
государственным,1
каком,1
разрыв,1
приводит,1
позиции,1
наиболее,1
вида,1
отклонить,1
назначить,1
обязан,1
сохраняться,1
приоритеты,1
отстранять,1
вицепремьеров,1
замов,1
ненадлежащего,1
утверждение,1
согласование,1
исполнения,1
утратой,1
доверия,1
вооруженными,1
доверить,1
силами,1
заместителей,1
правоохранительной,1
главу,1
назначает,1
системой,1
большего,1
баланса,1
шестое,1
согласие,1
руководителей,1
получает,1
республикой,1
утвержденные,1
беспристрастность,1
президентской,1
сложным,1
национальнотерриториальным,1
устройством,1
многообразием,1
представительной,1
содержательным,1
культурноисторических,1
эффективным,1
нормально,1
членов,1
самостоятельность,1
партий,1
парламентских,1
парламента,1
существовать,1
стабильно,1
повысит,1
оправданными,1
форме,1
гражданского,1
парламентской,1
авторитета,1
партийных,1
зрелости,1
лиц,1
должностных,1
республики,1
лишь,1
статьями,1
ведомств,1
проводить,1
приводить,1
лидерами,1
определенным,1
неформальным,1
представленные,1
фракции,1
обязательствам,1
избирателей,1
сторонников,1
местными,1
отражают,1
позиций,1
патриотических,1
властями,1
выступают,1
рискам,1
стоящих,1
подходов,1
разницу,1
силы,1
объективность,1
основные,1
требовательным,1
ответственным,1
зрелым,1
российское,1
целесообразным,1
встречаемся,1
регулярно,1
федеральное,1
ту,1
соответствии,1
обстоит,1
подход,1
полностью,1
вопроса,1
правоохранительных,1
прозрачной,1
постановкой,1
проводит,1
большей,1
которую,1
степени,1
дослушайте,1
законодательным,1
подотчетной,1
поаплодировать,1
назначения,1
ожидаемые,1
применен,1
отношении,1
прокуроров,1
назначаются,1
согласованию,1
региональным,1
готово,1
собрание,1
профессионализм,1
доверие,1
советский,1
столице,1
вооруженного,1
богу,1
слава,1
изменилось,1
дел,1
кризиса,1
внутриполитического,1
объединения,1
тяжелого,1
партии,1
четверти,1
принята,1
говорит,1
теми,1
согласиться,1
юридическое,1
публичное,1
открывая,1
прессконференции,1
дискуссию,1
годовой,1
последней,1
задают,1
вопросы,1
придать,1
политики,1
определенное,1
противостояния,1
очага,1
главой,1
терроризма,1
распространении,1
соответствие,1
прочной,1
законы,1
иные,1
надеюсь,1
нормативноправовые,1
акты,1
прозвучавшие,1
ограничивают,1
круг,1
строя,1
основы,1
фундаментальные,1
исчерпан,1
далеко,1
дискуссий,1
ставят,1
стабилизировалась,1
говорили,1
острых,1
возможных,1
нерешенных,1
выскажут,1
общественные,1
кавказе,1
северном,1
внутренней,1
показать,1
вызовами,1
стоим,1
интеллектуальный,1
ресурсный,1
создает,1
надежная,1
делаем,1
будущих,1
комплексы,1
боевые,1
разрабатывать,1
анализируя,1
наблюдая,1
внимательно,1
расслабляться,1
лаврах,1
почивать,1
обеспечена,1
обороноспособность,1
обладает,1
оружие,1
государствам,1
ведущим,1
наоборот,1
территориальный,1
догоняем,1
никого,1
новейшее,1
культурноисторический,1
прогрессивного,1
человеческий,1
мирного,1
распада,1
устройства,1
стало,1
остановиться,1
ветвей,1
результативной,1
напряженной,1
участии,1
активном,1
возможно,1
вижу,1
страной,1
державы,1
огромной,1
колоссальный,1
остались,1
неотделимо,1
прежние,1
величие,1
росте,1
социальном,1
амбиции,1
экономическом,1
сосредоточиться,1
сохранился,1
внутренних,1
насущных,1
ценностной,1
подписания,1
справедливость,1
защищать,1
подчинения,1
гражданство,1
иностранное,1
законодательству,1
отрешать,1
министры,1
заместители,1
верховного,1
судов,1
председатель,1
совершения,1
ими,1
важные,1
занимают,1
проступков,1
обязательные,1
конституционном,1
противоречат,1
свобод,1
влекут,1
порочащих,1
честь,1
договоров,1
случаях,1
пространстве,1
правовом,1
приоритет,1
вид,1
закреплять,1
базой,1
первостепенное,1
гражданства,1
моральное,1
иностранного,1
отсутствии,1
проживании,1
постоянном,1
претендующим,1
предъявляться,1
жесткие,1
допущений,1
затрагивающие,1
полутонов,1
никак,1
народом,1
судьбы,1
связывает,1
путь,1
выбирает,1
служении,1
службы,1
миссия,1
другого,1
проживать,1
документ,1
иной,1
либо,1
имели,1
пришло,1
предусмотренных,1
давления,1
конституционным,1
являются,1
ценностью,1
высшей,1
сложившейся,1
котором,1
правового,1
практики,1
явно,1
важными,1
обоснованными,1
вполне,1
надежной,1
защиты,1
интересов,1
вынести,1
позицию,1
усилить,1
обозначить,1
прозвучали,1
тему,1
наделить,1
возможностью,1
запросам,1
проверять,1
высказывания,1
конституционность,1
принятых,1
благополучие,1
исходя,1
суверенное,1
мнением,1
внешнего,1
попыток,1
любых,1
способность,1
повышает,1
свидетельствующих,1
невозможности,1
сохранения,1
кратно,1
мощные,1
считаться,1
лицом,1
международную,1
делается,1
вернулась,1
кланами,1
олигархическими,1
узурпированы,1
функции,1
статуса,1
властные,1
покончили,1
восстановили,1
сделали,1
многое,1
предложение,1
норму,1
заявленных,1
принципиальность,1
характерная,1
необходимую,1
деньгах,1
источников,1
направить,1
здоровое,1
организовать,1
оправданной,1
расслоения,1
широкой,1
советское,1
прокормить,1
унижает,1
сегодняшнее,1
равных,1
одинаковую,1
собрать,1
маленькими,1
приличными,1
хочется,1
возражают,1
шли,1
дискуссии,1
скрывать,1
буду,1
класс,1
четвертый,1
первого,1
начальной,1
прибавляется,1
забот,1
столовые,1
буфеты,1
снабжения,1
качественными,1
ходят,1
ребята,1
поколение,1
большое,1
растет,1
предыдущие,1
предприняли,1
послания,1
достаточными,1
ноги,1
поднимает,1
первую,1
работающую,1
масштабную,1
стройную,1
заключается,1
принимаемых,1
качественным,1
школьники,1
младшие,1
позднее,1
форсировать,1
коллег,1
остальных,1
готовность,1
техническая,1
потребует,1
делалось,1
продуктами,1
возрастают,1
дополнительный,1
сад,1
даст,1
тремя,1
ипотечного,1
семью,1
гасит,1
добавлю,1
увеличенном,1
рождения,1
индексироваться,1
составит,1
общий,1
вызовов,1
демографических,1
рождению,1
подготовиться,1
последующего,1
мам,1
полагалось,1
столько,1
индексации,1
сегодняшнем,1
первенца,1
силу,1
вступить,1
предложить,1
мечтает,1
семейную,1
начинает,1
продлим,1
намерено,1
волнующий,1
сможет,1
вложить,1
жилищной,1
свыше,1
родителей,1
выплате,1
важный,1
реализацию,1
включаться,1
активнее,1
госучастием,1
банки,1
ставке,1
ипотека,1
социальная,1
дальнем,1
возросло,1
мерой,1
воспользовался,1
результате,1
весь,1
распространили,1
годовых,1
шесть,1
ипотеки,1
ставку,1
льготную,1
дома,1
квартиры,1
стоимости,1
областных,1
ряда,1
целого,1
детский,1
учатся,1
поблагодарить,1
раскрытие,1
выделяется,1
культура,1
проекта,1
видами,1
другими,1
живописью,1
музыкой,1
современными,1
такими,1
кружков,1
инженерных,1
технических,1
развивается,1
способностей,1
направленные,1
искать,1
обучению,1
индивидуальные,1
образовательным,1
передовым,1
трансформации,1
цифровой,1
приступить,1
позволит,1
высокоскоростной,1
интернету,1
подключены,1
другую,1
образовательную,1
строить,1
музыкальные,1
инструменты,1
искусств,1
шире,1
наставников,1
воспитанием,1
обучением,1
связанная,1
каждодневная,1
постоянная,1
классные,1
ученикам,1
ближе,1
дополнительного,1
общего,1
перспективе,1
половины,1
охватить,1
национальная,1
престиж,1
общественный,1
высокий,1
учитель,1
современный,1
современная,1
ваша,1
привести,1
непригодны,1
обветшали,1
заведения,1
учебные,1
размещены,1
помещений,1
гибкие,1
национальный,1
восприняли,1
защищенности,1
обращение,1
успешной,1
гарантировать,1
задачу,1
историческую,1
взрослой,1
оплотом,1
частью,1
неотъемлемой,1
нравственной,1
естественной,1
станет,1
подрастающих,1
надежности,1
уверенности,1
необходимые,1
чувство,1
дают,1
объединяют,1
забота,1
уважение,1
нескольких,1
связь,1
крепкая,1
отцовства,1
радость,1
счастье,1
любовь,1
многодетной,1
подлинные,1
жить,1
эпоху,1
колоссальных,1
судьбу,1
школьных,1
дополнительных,1
определить,1
факторов,1
регионами,1
совместно,1
качестве,1
комфорте,1
сказываться,1
замечательно,1
ожидания,1
смелые,1
превосходит,1
обратного,1
доказательство,1
нецелесообразно,1
демографическое,1
выделять,1
процессы,1
объективные,1
повлиять,1
около,1
хорошее,1
мог,1
жил,1
раскрыли,1
создании,1
участвовать,1
веке,1
звучит,1
рассчитана,1
принимающим,1
численности,1
конкретных,1
долгосрочную,1
выстраивая,1
приумножения,1
сбережения,1
приоритета,1
зрения,1
точки,1
государственную,1
узковедомственного,1
универсального,1
какогото,1
сфера,1
демография,1
ловушки,1
странах,1
демографической,1
выбраться,1
вызов,1
настораживать,1
прогнозы,1
негативные,1
существующие,1
рождение,1
откладывали,1
вынужденно,1
вовсе,1
редкостью,1
м,1
годах,1
жизненных,1
ситуаций,1
разбираться,1
трудностями,1
угрозой,1
которая,1
острейшая,1
всем,1
пробел,1
наверстать,1
сложно,1
режиме,1
полноценном,1
мои,1
дорогие,1
принять,1
лицензия,1
образовательная,1
получена,1
остальные,1
малышам,1
предоставлены,1
реально,1
создано,1
девяноста,1
вместо,1
яслях,1
устроить,1
чувствительный,1
важнейший,1
неполная,1
многодетная,1
молодая,1
сравнения,1
оценке,1
семьям,1
четко,1
каждым,1
нарастать,1
районах,1
живут,1
конкретные,1
брать,1
достижении,1
знаниях,1
двигаться,1
стремятся,1
хотят,1
перемены,1
запрос,1
обозначился,1
гражданами,1
предварительной,1
диалога,1
управления,1
нового,1
проектах,1
отражены,1
ориентиры,1
содержание,1
стоит,1
технологические,1
масштабные,1
решать,1
откладывая,1
самом,1
оглашается,1
годом,1
ощутимыми,1
результатами,1
активным,1
составил,1
женщину,1
приходящихся,1
суммарный,1
проходит,1
периода,1
напряженность,1
падает,1
поколения,1
малочисленные,1
создают,1
семьито,1
положительных,1
добиться,1
середины,1
мерам,1
благодаря,1
особенность,1
демографический,1
вступили,1
опорой,1
сделают,1
кем,1
вырастут,1
семьях,1
российских,1
родится,1
содержательную,1
судьба,1
демографическому,1
низкие,1
значительной,1
нормативной,1
небольшого,1
открытии,1
трудоустройстве,1
содействие,1
повышению,1
переобучению,1
регулярные,1
нуждающейся,1
индивидуальной,1
рода,1
своего,1
призван,1
практику,1
послании,1
оперативно,1
разным,1
корректировка,1
потребуются,1
предложенной,1
разные,1
повторяю,1
лишним,1
пм,1
целиком,1
следующего,1
следующий,1
сделаем,1
получая,1
доходят,1
какието,1
собственного,1
оказывая,1
всестороннюю,1
ожидать,1
цель,1
главная,1
любви,1
главном,1
помню,1
посланием,1
обращаясь,1
реальное,1
контрактов,1
заключенных,1
результативности,1
показателем,1
финансовую,1
расширить,1
обновить,1
пилотных,1
учесть,1
вопервых,1
слабое,1
влияние,1
низкая,1
начали,1
членам,1
выполнение,1
ответственное,1
трудоустройство,1
собственных,1
шагов,1
встречных,1
увидим,1
оценить,1
понять,1
говоря,1
ситуацию,1
сложную,1
попасть,1
прекращаются,1
установленные,1
исполнится,1
ребенку,1
понимаете,1
подумал,1
существенная,1
востока,1
дальнего,1
сибири,1
урала,1
последующих,1
начались,1
поддержке,1
региона,1
одиннадцати,1
конкретном,1
полутора,1
вторых,1
первых,1
минимумов,1
прожиточных,1
скромный,1
родителя,1
оба,1
порядка,1
собственно,1
допустить,1
половину,1
пошли,1
составят,1
первом,1
разниться,1
портал,1
дистанционно,1
преград,1
очередей,1
оформить,1
простой,1
удобной,1
процедуру,1
официальный,1
легальный,1
указать,1
заявление,1
выплату,1
затронет,1
кого,1
го,1
болеют,1
вирусами,1
знакомятся,1
называется,1
ребятишки,1
внукам,1
вами,1
ребенком,1
уход,1
совмещать,1
ввести,1
специальную,1
доплату,1
внешний,1
подобной,1
государств,1
сталкиваются,1
потрясениями,1
проблемами,1
людьми,1
обязательств,1
выполнением,1
жизнью,1
связаны,1
показателях,1
отвлеченных,1
абстрактных,1
какихто,1
совокупный,1
лекарственных,1
покрывают,1
уверенно,1
профицитным,1
бюджет,1
федеральный,1
упоминал,1
макроэкономической,1
укреплении,1
сосредоточили,1
сетях,1
аптечных,1
обращения,1
этапах,1
фармпредприятиях,1
подушки,1
оказался,1
зыбким,1
результатом,1
необходимы,1
центрального,1
важнейшая,1
существенного,1
макроэкономический,1
опираясь,1
работников,1
пенсионеров,1
фиксированные,1
получал,1
тяжелым,1
налогом,1
двузначная,1
отличается,1
принципиально,1
низком,1
предсказуемо,1
выросли,1
цены,1
услуги,1
товары,1
четыре,1
ориентира,1
установленного,1
составила,1
стабилизация,1
ценовая,1
стала,1
последовательной,1
усилен,1
изменится,1
ресурсов,1
позволяли,1
повторяться,1
необходимых,1
жизненно,1
подчас,1
важных,1
оставались,1
людито,1
конкурсы,1
объявим,1
беда,1
канцтоваров,1
закупке,1
шла,1
рассуждать,1
чиновники,1
достать,1
сорванными,1
оказались,1
закупки,1
поставками,1
перебои,1
достигли,1
сохранении,1
приоритетов,1
определению,1
вернуться,1
пункту,1
каждому,1
начал,1
тому,1
текущем,1
заработать,1
единый,1
сквозной,1
легально,1
невозможно,1
лекарства,1
нужные,1
безвыходной,1
оказывались,1
больных,1
отладить,1
сроки,1
кратчайшие,1
официального,1
имеют,1
препараты,1
специальные,1
ввозить,1
централизованно,1
официально,1
позволят,1
законодательные,1
приняты,1
путаницы,1
льготе,1
региональной,1
федеральной,1
скидкой,1
бесплатно,1
предоставляются,1
получателей,1
регистр,1
структурные,1
увеличение,1
эффективности,1
пресечения,1
размещенная,1
благосостояния,1
фонда,1
летом,1
незаконные,1
создавалась,1
умышленно,1
изначально,1
организация,1
доказать,1
впредь,1
органы,1
правоохранительные,1
наказания,1
строгие,1
динамику,1
устанавливались,1
подпадали,1
сотрудники,1
преступное,1
организованное,1
квалифицироваться,1
могла,1
нарушили,1
любая,1
ук,1
ю,1
обращали,1
неоднократно,1
предприниматели,1
валюте,1
преодолеет,1
отметку,1
сформировали,1
экологической,1
помнить,1
компании,1
бизнес,1
доступности,1
линию,1
последовательную,1
отмечу,1
прямая,1
длинные,1
нужны,1
уверенного,1
активности,1
туризма,1
потянут,1
автотрассы,1
выходы,1
центрами,1
областными,1
магистрали,1
обходы,1
автомобильные,1
инфраструктурные,1
снимают,1
окупаемые,1
приоритетом,1
вкладывать,1
резервов,1
объемы,1
составов,1
уголовного,1
нормы,1
инвесторам,1
объектов,1
производственных,1
нормативы,1
неизменны,1
капиталовложений,1
поощрении,1
защите,1
правительству,1
депутатам,1
планирования,1
горизонт,1
широкий,1
шести,1
течение,1
договорились,1
стимулирования,1
увеличить,1
долю,1
составлять,1
ежегодный,1
услуг,1
хозяйства,1
сельского,1
промышленности,1
рабочих,1
создание,1
вложения,1
нарастить,1
цикл,1
зафиксированы,1
деловые,1
размытые,1
инициативы,1
убирают,1
думу,1
внес,1
третье,1
проще,1
удобнее,1
контрольнонадзорной,1
реформу,1
вычета,1
налогового,1
инвестиционного,1
применения,1
выпадающих,1
трети,1
две,1
компенсировать,1
поступления,1
теряют,1
бюджеты,1
используют,1
редко,1
прибыль,1
налогу,1
льготу,1
трехлетнюю,1
вычет,1
налоговый,1
называемый,1
среднего,1
вернетесь,1
значительных,1
классным,1
значимую,1
продвижения,1
спорта,1
массового,1
восемь,1
превысила,1
ожидаемая,1
олимпиад,1
конкурсов,1
участниками,1
стали,1
возможностей,1
запустили,1
развитии,1
лидерскую,1
играли,1
меняется,1
достойные,1
талантливые,1
смежные,1
новое,1
выбирать,1
курса,1
студентам,1
дать,1
запросы,1
реагировать,1
гибко,1
высшая,1
существующим,1
усложняются,1
здорового,1
образа,1
значимый,1
принадлежит,1
цифрам,1
судят,1
добиваться,1
определенные,1
ставим,1
показывает,1
выстроенной,1
отсюда,1
смотрелась,1
критикуют,1
систем,1
состояние,1
оценивает,1
весьма,1
государствах,1
развитых,1
осведомлен,1
прекрасно,1
исторического,1
достиг,1
смертности,1
младенческой,1
уровень,1
здоровья,1
детского,1
детства,1
охране,1
высокотехнологичной,1
специализированной,1
появляются,1
рынок,1
надбавок,1
параметры,1
сидящие,1
контроле,1
держать,1
случайно,1
теме,1
соблюдаться,1
строго,1
указах,1
майских,1
заданные,1
бюджетников,1
учителей,1
зарплат,1
уровню,1
заострял,1
родине,1
посмотрю,1
сохранены,1
классное,1
действующие,1
обратить,1
функция,1
федеральная,1
воспитатель,1
руководитель,1
классный,1
понимают,1
присутствующие,1
споров,1
руководителям,1
соблазн,1
съехать,1
темы,1
специалистах,1
малой,1
карьеру,1
успешную,1
знания,1
современные,1
студенты,1
региональных,1
преподавателей,1
постоянной,1
учебной,1
укрепление,1
университетов,1
работодателей,1
инженеров,1
те,1
места,1
отдавать,1
вузах,1
очного,1
бесплатного,1
справедливую,1
равную,1
сохранить,1
расти,1
выпускников,1
ближайшие,1
достойно,1
оплачиваться,1
важнейших,1
показателям,1
вынужден,1
ехать,1
медицинским,1
выпускникам,1
будущим,1
трудоустройства,1
гарантию,1
предоставить,1
заявкам,1
формироваться,1
прием,1
целевой,1
квоты,1
педиатрия,1
целевыми,1
лечебное,1
специальностям,1
учебном,1
десятки,1
звено,1
первичное,1
специалистами,1
уровни,1
кадров,1
привлечения,1
жилищного,1
индивидуального,1
жилье,1
служебное,1
малых,1
поселках,1
фельдшеров,1
жилищных,1
специалисты,1
приходили,1
туда,1
ждут,1
стимулирующих,1
выплат,1
компенсационных,1
перечнем,1
единым,1
плате,1
заработной,1
окладов,1
доли,1
фиксированной,1
установлением,1
правилах,1
понятных,1
справедливых,1
прозрачных,1
основанная,1
новая,1
внедряться,1
поэтапно,1
начнет,1
договаривались,1
медицинских,1
селе,1
стажем,1
врачи,1
поступлении,1
стопроцентное,1
дефицитным,1
ординатуры,1
решением,1
вплотную,1
найти,1
пунктов,1
развертывание,1
проекте,1
профильном,1
предусмотрено,1
чувствительных,1
соприкасается,1
сконцентрировать,1
медицинскую,1
своевременную,1
качественную,1
препятствий,1
безо,1
здоровье,1
своем,1
думает,1
средняя,1
выросла,1
насколько,1
интересует,1
специалиста,1
узкого,1
ждать,1
неделями,1
очереди,1
день,1
целый,1
тратить,1
поликлинику,1
километров,1
фельдшерскоакушерских,1
фапами,1
субъекты,1
решены,1
дополнительно,1
скорой,1
станции,1
больницы,1
районные,1
поликлиники,1
техникой,1
отремонтировать,1
звена,1
первичного,1
модернизации,1
июля,1
фапов,1
ремонта,1
оснащения,1
ход,1
фронт,1
народный,1
общероссийский,1
скоростной,1
реальную,1
оказывать,1
специалистов,1
райцентры,1
спроваживать,1
сходу,1
направления,1
справки,1
выписывать,1
кремль,1
